Name,Gauss Notation
3_1,"[2, 0, 1, 3]"
6_1,"[2, 4, 0, 5, 1, 3]"
7_4,"[4, 5, 6, 1, 0, 3, 2, 7]"
7_7,"[4, 3, 6, 5, 0, 1, 2, 7]"
8_5,"[3, 6, 0, 1, 7, 2, 4, 5]"
8_10,"[6, 4, 5, 7, 2, 0, 3, 1]"
8_11,"[4, 7, 6, 5, 0, 1, 2, 3]"
8_15,"[3, 6, 0, 2, 7, 4, 1, 5]"
8_18,"[6, 7, 0, 1, 2, 3, 4, 5]"
8_19,"[6, 4, 5, 7, 2, 0, 3, 1]"
8_20,"[3, 6, 0, 2, 7, 4, 1, 5]"
8_21,"[3, 6, 0, 2, 7, 4, 1, 5]"
9_1,"[5, 6, 7, 8, 0, 1, 2, 3, 4, 9]"
9_2,"[3, 6, 1, 0, 8, 7, 2, 5, 4, 9]"
9_4,"[6, 5, 7, 8, 2, 1, 0, 3, 4, 9]"
9_6,"[3, 6, 1, 7, 8, 0, 2, 4, 5, 9]"
9_10,"[5, 6, 7, 8, 1, 0, 3, 2, 4, 9]"
9_11,"[3, 6, 7, 5, 8, 1, 2, 0, 4, 9]"
9_15,"[4, 3, 7, 1, 6, 8, 2, 0, 5, 9]"
9_16,"[4, 3, 7, 0, 1, 8, 2, 5, 6, 9]"
9_17,"[4, 5, 7, 0, 6, 1, 8, 2, 3, 9]"
9_23,"[7, 5, 1, 8, 6, 2, 3, 0, 4, 9]"
9_24,"[5, 8, 1, 7, 6, 0, 3, 4, 2, 9]"
9_28,"[2, 7, 4, 6, 8, 3, 1, 0, 5, 9]"
9_29,"[4, 8, 5, 1, 7, 2, 0, 3, 6, 9]"
9_34,"[6, 8, 7, 1, 2, 3, 0, 5, 4, 9]"
9_35,"[5, 7, 6, 8, 1, 0, 2, 4, 3, 9]"
9_37,"[4, 6, 8, 5, 0, 7, 1, 3, 2, 9]"
9_38,"[6, 4, 7, 1, 8, 2, 0, 5, 3, 9]"
9_40,"[3, 8, 7, 6, 2, 1, 0, 5, 4, 9]"
9_46,"[4, 6, 8, 5, 0, 7, 1, 3, 2, 9]"
9_47,"[6, 8, 7, 1, 2, 3, 0, 5, 4, 9]"
9_48,"[4, 6, 8, 5, 0, 7, 1, 3, 2, 9]"
10_4,"[6, 5, 9, 8, 7, 0, 1, 4, 3, 2]"
10_5,"[6, 8, 7, 2, 9, 0, 1, 3, 4, 5]"
10_9,"[3, 6, 7, 8, 9, 0, 2, 1, 4, 5]"
10_10,"[5, 8, 7, 9, 0, 4, 3, 2, 1, 6]"
10_14,"[6, 5, 8, 9, 2, 7, 0, 1, 3, 4]"
10_19,"[6, 9, 8, 7, 2, 0, 1, 3, 4, 5]"
10_21,"[6, 7, 8, 9, 3, 1, 0, 2, 4, 5]"
10_29,"[7, 0, 5, 8, 9, 2, 1, 6, 4, 3]"
10_31,"[2, 7, 0, 8, 9, 3, 1, 6, 5, 4]"
10_32,"[6, 4, 7, 8, 9, 0, 5, 3, 2, 1]"
10_36,"[7, 6, 5, 8, 3, 2, 9, 0, 4, 1]"
10_40,"[5, 8, 9, 6, 0, 4, 2, 1, 7, 3]"
10_42,"[4, 7, 9, 0, 3, 8, 2, 6, 1, 5]"
10_59,"[8, 0, 4, 6, 7, 9, 3, 1, 5, 2]"
10_61,"[4, 7, 6, 0, 8, 9, 2, 1, 5, 3]"
10_62,"[5, 8, 6, 9, 0, 2, 3, 1, 7, 4]"
10_63,"[4, 8, 7, 0, 3, 9, 5, 2, 1, 6]"
10_64,"[5, 8, 6, 7, 0, 9, 3, 1, 2, 4]"
10_65,"[4, 7, 8, 0, 3, 9, 2, 1, 5, 6]"
10_66,"[5, 4, 9, 7, 0, 1, 3, 6, 2, 8]"
10_67,"[6, 8, 5, 9, 3, 7, 0, 2, 1, 4]"
10_68,"[5, 7, 9, 8, 0, 4, 2, 1, 3, 6]"
10_69,"[6, 8, 0, 9, 3, 1, 5, 2, 7, 4]"
10_74,"[5, 8, 7, 9, 6, 0, 1, 2, 4, 3]"
10_75,"[6, 3, 8, 5, 9, 7, 0, 1, 2, 4]"
10_76,"[5, 8, 9, 6, 7, 0, 4, 3, 2, 1]"
10_77,"[3, 7, 0, 2, 9, 8, 1, 6, 4, 5]"
10_78,"[3, 7, 0, 2, 9, 4, 8, 1, 6, 5]"
10_82,"[4, 8, 9, 6, 7, 0, 1, 5, 2, 3]"
10_84,"[4, 0, 6, 5, 1, 8, 9, 3, 2, 7]"
10_85,"[3, 4, 0, 7, 8, 9, 2, 1, 5, 6]"
10_87,"[5, 6, 0, 7, 3, 9, 8, 4, 1, 2]"
10_89,"[3, 6, 5, 0, 7, 9, 8, 4, 2, 1]"
10_96,"[7, 4, 6, 9, 1, 3, 8, 0, 5, 2]"
10_97,"[5, 8, 6, 2, 9, 3, 0, 4, 1, 7]"
10_98,"[7, 9, 6, 8, 0, 2, 4, 1, 3, 5]"
10_99,"[4, 8, 0, 7, 1, 9, 3, 5, 2, 6]"
10_103,"[4, 8, 5, 0, 7, 9, 3, 2, 1, 6]"
10_106,"[4, 7, 8, 9, 1, 3, 0, 2, 5, 6]"
10_107,"[5, 7, 9, 8, 0, 4, 3, 1, 6, 2]"
10_108,"[4, 9, 8, 7, 1, 2, 0, 3, 5, 6]"
10_112,"[4, 5, 9, 6, 7, 8, 0, 1, 2, 3]"
10_113,"[3, 6, 5, 7, 0, 9, 8, 4, 1, 2]"
10_114,"[8, 9, 6, 0, 1, 3, 2, 4, 5, 7]"
10_120,"[4, 8, 5, 1, 7, 9, 3, 0, 6, 2]"
10_122,"[7, 9, 8, 0, 1, 2, 4, 3, 5, 6]"
10_136,"[8, 0, 4, 6, 7, 9, 3, 1, 5, 2]"
10_139,"[5, 8, 6, 9, 0, 2, 3, 1, 7, 4]"
10_140,"[9, 5, 8, 7, 1, 2, 0, 3, 4, 6]"
10_141,"[5, 4, 9, 7, 0, 1, 3, 6, 2, 8]"
10_142,"[9, 5, 8, 7, 1, 2, 0, 3, 4, 6]"
10_143,"[5, 4, 9, 7, 0, 1, 3, 6, 2, 8]"
10_144,"[4, 7, 8, 0, 3, 9, 2, 1, 5, 6]"
10_145,"[5, 8, 6, 2, 9, 3, 0, 4, 1, 7]"
10_146,"[9, 4, 6, 8, 1, 3, 0, 5, 2, 7]"
10_147,"[3, 6, 5, 7, 0, 9, 8, 4, 1, 2]"
10_158,"[8, 5, 9, 1, 7, 2, 0, 4, 3, 6]"
10_159,"[4, 5, 9, 6, 7, 8, 0, 1, 2, 3]"
10_160,"[9, 8, 6, 1, 7, 0, 2, 4, 3, 5]"
10_163,"[8, 9, 6, 0, 1, 3, 2, 4, 5, 7]"
10_164,"[5, 4, 6, 7, 8, 0, 9, 1, 2, 3]"
10_165,"[3, 8, 6, 0, 9, 1, 4, 5, 2, 7]"
11a_6,"[4, 0, 7, 1, 2, 10, 8, 3, 5, 6, 9, 11]"
11a_8,"[4, 0, 7, 1, 2, 10, 9, 3, 5, 6, 8, 11]"
11a_16,"[3, 0, 6, 1, 9, 2, 4, 10, 5, 8, 7, 11]"
11a_17,"[3, 0, 5, 1, 7, 2, 9, 4, 10, 6, 8, 11]"
11a_21,"[3, 0, 5, 1, 8, 2, 10, 9, 4, 7, 6, 11]"
11a_37,"[3, 0, 7, 1, 10, 9, 2, 4, 6, 5, 8, 11]"
11a_38,"[3, 0, 7, 1, 8, 10, 2, 5, 4, 6, 9, 11]"
11a_43,"[3, 0, 6, 1, 10, 8, 2, 5, 7, 4, 9, 11]"
11a_44,"[3, 0, 7, 1, 10, 8, 2, 5, 6, 4, 9, 11]"
11a_45,"[3, 0, 6, 1, 9, 8, 2, 10, 5, 4, 7, 11]"
11a_46,"[3, 0, 7, 1, 10, 8, 2, 6, 5, 4, 9, 11]"
11a_47,"[3, 0, 7, 1, 10, 8, 2, 9, 6, 4, 5, 11]"
11a_49,"[4, 0, 6, 1, 3, 9, 2, 10, 5, 7, 8, 11]"
11a_57,"[3, 0, 7, 1, 10, 8, 9, 2, 6, 4, 5, 11]"
11a_58,"[3, 0, 7, 1, 10, 9, 8, 2, 6, 4, 5, 11]"
11a_63,"[4, 0, 8, 1, 3, 10, 9, 2, 5, 6, 7, 11]"
11a_69,"[4, 0, 10, 1, 9, 8, 3, 2, 5, 6, 7, 11]"
11a_71,"[4, 0, 8, 9, 1, 2, 3, 10, 6, 7, 5, 11]"
11a_72,"[4, 0, 9, 8, 1, 2, 3, 10, 6, 7, 5, 11]"
11a_73,"[5, 0, 9, 10, 1, 2, 3, 4, 6, 7, 8, 11]"
11a_78,"[5, 0, 7, 9, 1, 2, 3, 6, 10, 4, 8, 11]"
11a_90,"[5, 0, 9, 8, 1, 2, 10, 3, 4, 7, 6, 11]"
11a_91,"[5, 0, 9, 8, 1, 2, 10, 3, 7, 4, 6, 11]"
11a_93,"[5, 0, 10, 8, 1, 2, 9, 3, 7, 6, 4, 11]"
11a_99,"[5, 0, 9, 7, 1, 2, 10, 4, 6, 3, 8, 11]"
11a_100,"[5, 0, 9, 7, 1, 2, 8, 4, 10, 3, 6, 11]"
11a_102,"[5, 0, 6, 9, 1, 3, 2, 10, 4, 7, 8, 11]"
11a_103,"[5, 0, 6, 9, 1, 3, 2, 10, 4, 8, 7, 11]"
11a_106,"[4, 0, 7, 8, 1, 10, 2, 3, 6, 5, 9, 11]"
11a_107,"[4, 0, 8, 7, 1, 10, 2, 3, 6, 5, 9, 11]"
11a_108,"[4, 0, 8, 9, 1, 10, 2, 3, 7, 5, 6, 11]"
11a_109,"[4, 0, 9, 8, 1, 10, 2, 3, 7, 5, 6, 11]"
11a_117,"[4, 0, 8, 6, 1, 10, 2, 9, 3, 7, 5, 11]"
11a_118,"[5, 0, 9, 6, 1, 4, 2, 10, 3, 7, 8, 11]"
11a_123,"[4, 0, 8, 5, 1, 9, 2, 10, 6, 3, 7, 11]"
11a_128,"[5, 0, 6, 9, 1, 7, 2, 4, 10, 3, 8, 11]"
11a_130,"[5, 0, 10, 9, 1, 8, 2, 4, 6, 3, 7, 11]"
11a_132,"[5, 0, 7, 9, 1, 3, 10, 2, 4, 6, 8, 11]"
11a_134,"[4, 0, 8, 6, 1, 10, 3, 2, 7, 5, 9, 11]"
11a_135,"[5, 0, 10, 9, 1, 4, 3, 2, 6, 7, 8, 11]"
11a_137,"[5, 0, 7, 10, 1, 9, 3, 2, 4, 6, 8, 11]"
11a_139,"[4, 0, 8, 7, 1, 10, 9, 2, 3, 5, 6, 11]"
11a_146,"[5, 0, 8, 10, 1, 9, 4, 2, 3, 6, 7, 11]"
11a_152,"[5, 0, 10, 9, 1, 8, 4, 2, 6, 3, 7, 11]"
11a_155,"[4, 0, 10, 7, 1, 3, 9, 5, 2, 6, 8, 11]"
11a_157,"[5, 0, 9, 7, 1, 3, 10, 4, 2, 6, 8, 11]"
11a_159,"[4, 0, 8, 6, 1, 10, 3, 9, 2, 7, 5, 11]"
11a_161,"[5, 0, 9, 6, 1, 4, 3, 10, 2, 7, 8, 11]"
11a_165,"[4, 0, 8, 7, 1, 10, 9, 3, 2, 5, 6, 11]"
11a_171,"[4, 0, 6, 7, 1, 8, 9, 10, 2, 3, 5, 11]"
11a_173,"[4, 0, 8, 5, 1, 9, 3, 10, 6, 2, 7, 11]"
11a_175,"[5, 0, 7, 10, 9, 1, 2, 3, 4, 8, 6, 11]"
11a_176,"[5, 0, 9, 8, 10, 1, 2, 3, 4, 7, 6, 11]"
11a_178,"[5, 0, 10, 9, 8, 1, 2, 3, 4, 7, 6, 11]"
11a_179,"[6, 0, 7, 8, 10, 1, 2, 3, 4, 5, 9, 11]"
11a_181,"[6, 0, 8, 7, 10, 1, 2, 3, 4, 5, 9, 11]"
11a_184,"[6, 0, 10, 8, 9, 1, 2, 3, 4, 7, 5, 11]"
11a_187,"[5, 0, 8, 7, 9, 1, 2, 3, 10, 4, 6, 11]"
11a_194,"[6, 0, 9, 10, 8, 1, 2, 4, 5, 3, 7, 11]"
11a_196,"[6, 0, 9, 7, 8, 1, 2, 10, 5, 3, 4, 11]"
11a_199,"[6, 0, 7, 10, 9, 1, 3, 2, 4, 5, 8, 11]"
11a_201,"[6, 0, 7, 10, 9, 1, 3, 2, 5, 4, 8, 11]"
11a_202,"[6, 0, 8, 7, 10, 1, 4, 2, 3, 5, 9, 11]"
11a_203,"[5, 0, 8, 9, 7, 1, 10, 2, 3, 4, 6, 11]"
11a_208,"[6, 0, 10, 9, 8, 1, 5, 2, 3, 4, 7, 11]"
11a_209,"[6, 0, 10, 7, 9, 1, 4, 2, 5, 3, 8, 11]"
11a_212,"[5, 0, 7, 6, 9, 1, 10, 2, 4, 8, 3, 11]"
11a_214,"[6, 0, 7, 10, 9, 1, 8, 2, 5, 4, 3, 11]"
11a_216,"[5, 0, 9, 7, 8, 1, 3, 10, 2, 4, 6, 11]"
11a_219,"[6, 0, 8, 10, 9, 1, 5, 3, 2, 4, 7, 11]"
11a_223,"[5, 0, 9, 7, 8, 1, 10, 4, 2, 3, 6, 11]"
11a_230,"[5, 0, 9, 8, 7, 1, 10, 4, 3, 2, 6, 11]"
11a_231,"[6, 0, 5, 9, 2, 3, 1, 10, 4, 7, 8, 11]"
11a_232,"[6, 0, 8, 10, 2, 9, 1, 3, 5, 7, 4, 11]"
11a_236,"[6, 0, 10, 9, 8, 7, 1, 2, 3, 4, 5, 11]"
11a_237,"[6, 0, 9, 8, 10, 7, 1, 2, 3, 5, 4, 11]"
11a_239,"[6, 0, 5, 7, 8, 9, 1, 10, 2, 3, 4, 11]"
11a_243,"[6, 0, 10, 9, 8, 7, 1, 5, 2, 3, 4, 11]"
11a_244,"[6, 0, 9, 7, 10, 8, 1, 4, 2, 5, 3, 11]"
11a_245,"[6, 0, 10, 9, 8, 7, 1, 4, 5, 2, 3, 11]"
11a_248,"[8, 7, 0, 1, 2, 10, 9, 4, 3, 5, 6, 11]"
11a_249,"[8, 7, 0, 1, 2, 10, 9, 4, 3, 6, 5, 11]"
11a_258,"[3, 7, 0, 1, 10, 9, 2, 4, 6, 5, 8, 11]"
11a_260,"[3, 6, 0, 1, 9, 8, 2, 10, 5, 4, 7, 11]"
11a_261,"[7, 4, 0, 1, 10, 9, 2, 3, 5, 6, 8, 11]"
11a_263,"[3, 7, 0, 1, 10, 8, 9, 2, 6, 4, 5, 11]"
11a_264,"[7, 4, 0, 1, 10, 9, 3, 2, 5, 6, 8, 11]"
11a_271,"[9, 8, 0, 6, 1, 2, 10, 4, 5, 7, 3, 11]"
11a_273,"[7, 5, 0, 10, 1, 9, 2, 3, 6, 4, 8, 11]"
11a_274,"[4, 7, 0, 9, 1, 8, 2, 10, 3, 5, 6, 11]"
11a_275,"[4, 6, 0, 9, 1, 8, 2, 10, 5, 3, 7, 11]"
11a_277,"[8, 4, 0, 9, 1, 3, 10, 2, 5, 6, 7, 11]"
11a_278,"[8, 4, 0, 9, 1, 3, 10, 2, 5, 7, 6, 11]"
11a_280,"[5, 8, 0, 9, 1, 3, 10, 2, 4, 7, 6, 11]"
11a_283,"[5, 8, 0, 10, 1, 9, 3, 2, 4, 6, 7, 11]"
11a_286,"[5, 7, 0, 10, 1, 9, 4, 2, 3, 6, 8, 11]"
11a_290,"[5, 8, 0, 6, 1, 9, 10, 2, 4, 3, 7, 11]"
11a_291,"[7, 4, 0, 8, 1, 9, 10, 2, 5, 6, 3, 11]"
11a_292,"[7, 4, 0, 8, 1, 10, 9, 2, 5, 6, 3, 11]"
11a_293,"[8, 4, 0, 7, 1, 9, 10, 2, 5, 6, 3, 11]"
11a_294,"[8, 4, 0, 7, 1, 10, 9, 2, 5, 6, 3, 11]"
11a_296,"[5, 8, 0, 7, 1, 10, 9, 2, 4, 6, 3, 11]"
11a_300,"[4, 9, 0, 7, 1, 8, 3, 10, 2, 5, 6, 11]"
11a_304,"[4, 9, 0, 6, 1, 8, 3, 10, 5, 2, 7, 11]"
11a_305,"[9, 8, 0, 7, 2, 1, 10, 4, 5, 6, 3, 11]"
11a_306,"[7, 6, 0, 10, 9, 1, 2, 3, 4, 5, 8, 11]"
11a_309,"[6, 5, 0, 9, 8, 1, 2, 10, 3, 4, 7, 11]"
11a_314,"[8, 5, 0, 9, 10, 1, 4, 2, 3, 6, 7, 11]"
11a_318,"[5, 7, 0, 8, 10, 1, 9, 2, 4, 6, 3, 11]"
11a_324,"[6, 8, 0, 7, 9, 1, 10, 2, 5, 4, 3, 11]"
11a_332,"[4, 7, 0, 9, 2, 8, 1, 10, 3, 6, 5, 11]"
11a_335,"[6, 7, 0, 10, 9, 8, 1, 2, 3, 4, 5, 11]"
11a_338,"[6, 7, 0, 10, 8, 9, 1, 2, 5, 3, 4, 11]"
11a_340,"[7, 6, 0, 10, 8, 9, 1, 2, 5, 3, 4, 11]"
11a_344,"[8, 6, 0, 7, 10, 9, 1, 3, 2, 4, 5, 11]"
11a_346,"[8, 5, 0, 9, 7, 2, 10, 1, 3, 4, 6, 11]"
11a_347,"[8, 5, 0, 9, 7, 2, 10, 1, 4, 3, 6, 11]"
11a_351,"[6, 5, 0, 9, 10, 8, 3, 2, 1, 4, 7, 11]"
11a_352,"[6, 5, 0, 10, 9, 8, 3, 2, 1, 4, 7, 11]"
11a_353,"[7, 5, 8, 0, 9, 1, 10, 2, 3, 6, 4, 11]"
11a_354,"[4, 8, 7, 0, 9, 1, 10, 2, 5, 3, 6, 11]"
11a_355,"[6, 7, 8, 0, 10, 9, 1, 2, 3, 4, 5, 11]"
11a_360,"[8, 7, 6, 0, 10, 9, 1, 2, 3, 5, 4, 11]"
11a_361,"[7, 6, 8, 0, 10, 9, 1, 3, 2, 4, 5, 11]"
11a_362,"[7, 6, 8, 0, 10, 9, 1, 3, 2, 5, 4, 11]"
11a_365,"[6, 7, 9, 8, 0, 10, 1, 2, 3, 4, 5, 11]"
11a_366,"[7, 6, 9, 8, 0, 10, 1, 2, 3, 4, 5, 11]"
11n_1,"[4, 0, 7, 1, 2, 9, 3, 5, 10, 6, 8, 11]"
11n_2,"[4, 0, 7, 1, 2, 9, 3, 5, 10, 6, 8, 11]"
11n_13,"[4, 0, 7, 1, 2, 9, 10, 3, 5, 6, 8, 11]"
11n_14,"[4, 0, 7, 1, 2, 9, 10, 3, 5, 6, 8, 11]"
11n_18,"[4, 0, 7, 1, 2, 10, 9, 3, 5, 6, 8, 11]"
11n_28,"[3, 0, 6, 1, 9, 2, 4, 10, 5, 8, 7, 11]"
11n_29,"[3, 0, 6, 1, 9, 2, 4, 10, 5, 8, 7, 11]"
11n_30,"[3, 0, 6, 1, 9, 2, 4, 10, 5, 8, 7, 11]"
11n_31,"[3, 0, 5, 1, 7, 2, 9, 4, 10, 6, 8, 11]"
11n_32,"[3, 0, 5, 1, 7, 2, 9, 4, 10, 6, 8, 11]"
11n_33,"[3, 0, 5, 1, 7, 2, 9, 4, 10, 6, 8, 11]"
11n_38,"[3, 0, 5, 1, 8, 2, 10, 9, 4, 7, 6, 11]"
11n_62,"[3, 0, 7, 1, 10, 9, 2, 4, 6, 5, 8, 11]"
11n_63,"[3, 0, 7, 1, 10, 9, 2, 4, 6, 5, 8, 11]"
11n_64,"[3, 0, 7, 1, 10, 9, 2, 4, 6, 5, 8, 11]"
11n_65,"[3, 0, 7, 1, 8, 10, 2, 5, 4, 6, 9, 11]"
11n_66,"[3, 0, 7, 1, 8, 10, 2, 5, 4, 6, 9, 11]"
11n_67,"[3, 0, 7, 1, 8, 10, 2, 5, 4, 6, 9, 11]"
11n_68,"[3, 0, 7, 1, 8, 10, 2, 5, 4, 6, 9, 11]"
11n_69,"[3, 0, 7, 1, 8, 10, 2, 5, 4, 6, 9, 11]"
11n_71,"[3, 0, 6, 1, 10, 8, 2, 5, 7, 4, 9, 11]"
11n_72,"[3, 0, 6, 1, 10, 8, 2, 5, 7, 4, 9, 11]"
11n_73,"[3, 0, 6, 1, 10, 8, 2, 5, 7, 4, 9, 11]"
11n_74,"[3, 0, 6, 1, 10, 8, 2, 5, 7, 4, 9, 11]"
11n_75,"[3, 0, 6, 1, 10, 8, 2, 5, 7, 4, 9, 11]"
11n_76,"[3, 0, 7, 1, 10, 8, 2, 5, 6, 4, 9, 11]"
11n_77,"[3, 0, 7, 1, 10, 8, 2, 5, 6, 4, 9, 11]"
11n_78,"[3, 0, 7, 1, 10, 8, 2, 5, 6, 4, 9, 11]"
11n_79,"[3, 0, 6, 1, 9, 8, 2, 10, 5, 4, 7, 11]"
11n_80,"[4, 0, 6, 1, 3, 9, 2, 10, 5, 7, 8, 11]"
11n_81,"[3, 0, 7, 1, 10, 8, 9, 2, 6, 4, 5, 11]"
11n_85,"[5, 0, 9, 10, 1, 2, 3, 4, 6, 7, 8, 11]"
11n_86,"[5, 0, 9, 10, 1, 2, 3, 4, 6, 7, 8, 11]"
11n_87,"[5, 0, 9, 7, 1, 2, 3, 10, 4, 6, 8, 11]"
11n_92,"[5, 0, 9, 7, 1, 2, 10, 4, 6, 3, 8, 11]"
11n_94,"[4, 0, 8, 9, 1, 3, 2, 10, 6, 5, 7, 11]"
11n_95,"[4, 0, 8, 9, 1, 3, 2, 10, 6, 5, 7, 11]"
11n_97,"[5, 0, 6, 9, 1, 3, 2, 10, 4, 7, 8, 11]"
11n_98,"[5, 0, 6, 9, 1, 3, 2, 10, 4, 7, 8, 11]"
11n_99,"[5, 0, 6, 9, 1, 3, 2, 10, 4, 7, 8, 11]"
11n_100,"[5, 0, 6, 9, 1, 3, 2, 10, 4, 8, 7, 11]"
11n_101,"[5, 0, 6, 9, 1, 3, 2, 10, 4, 8, 7, 11]"
11n_102,"[5, 0, 6, 9, 1, 3, 2, 10, 4, 8, 7, 11]"
11n_104,"[4, 0, 8, 9, 1, 10, 2, 3, 7, 5, 6, 11]"
11n_105,"[4, 0, 9, 8, 1, 10, 2, 3, 7, 5, 6, 11]"
11n_106,"[4, 0, 9, 8, 1, 10, 2, 3, 7, 5, 6, 11]"
11n_107,"[4, 0, 9, 8, 1, 10, 2, 3, 7, 5, 6, 11]"
11n_109,"[5, 0, 10, 8, 1, 9, 2, 3, 4, 6, 7, 11]"
11n_118,"[4, 0, 9, 7, 1, 10, 2, 5, 6, 3, 8, 11]"
11n_119,"[4, 0, 9, 7, 1, 10, 2, 5, 6, 3, 8, 11]"
11n_121,"[5, 0, 7, 9, 1, 3, 10, 2, 4, 6, 8, 11]"
11n_122,"[5, 0, 7, 9, 1, 3, 10, 2, 4, 6, 8, 11]"
11n_123,"[5, 0, 10, 9, 1, 4, 3, 2, 6, 7, 8, 11]"
11n_125,"[5, 0, 8, 10, 1, 9, 4, 2, 3, 6, 7, 11]"
11n_126,"[4, 0, 10, 7, 1, 3, 9, 5, 2, 6, 8, 11]"
11n_136,"[5, 0, 10, 6, 9, 1, 3, 2, 4, 8, 7, 11]"
11n_137,"[6, 0, 7, 10, 9, 1, 3, 2, 4, 5, 8, 11]"
11n_138,"[6, 0, 7, 10, 9, 1, 3, 2, 4, 5, 8, 11]"
11n_139,"[6, 0, 7, 10, 9, 1, 3, 2, 5, 4, 8, 11]"
11n_140,"[6, 0, 7, 10, 9, 1, 3, 2, 5, 4, 8, 11]"
11n_141,"[6, 0, 7, 10, 9, 1, 3, 2, 5, 4, 8, 11]"
11n_142,"[6, 0, 10, 7, 9, 1, 4, 2, 5, 3, 8, 11]"
11n_143,"[5, 0, 8, 10, 7, 1, 9, 2, 4, 6, 3, 11]"
11n_145,"[6, 0, 8, 7, 2, 9, 1, 10, 5, 3, 4, 11]"
11n_146,"[6, 0, 8, 7, 2, 9, 1, 10, 5, 3, 4, 11]"
11n_148,"[6, 0, 5, 7, 8, 9, 1, 10, 2, 3, 4, 11]"
11n_149,"[8, 7, 0, 1, 2, 10, 9, 4, 3, 5, 6, 11]"
11n_150,"[8, 7, 0, 1, 2, 10, 9, 4, 3, 6, 5, 11]"
11n_153,"[9, 7, 0, 1, 8, 2, 10, 4, 5, 3, 6, 11]"
11n_155,"[9, 7, 0, 1, 8, 2, 10, 5, 4, 3, 6, 11]"
11n_158,"[8, 7, 0, 9, 1, 2, 10, 5, 3, 4, 6, 11]"
11n_161,"[8, 7, 0, 9, 1, 2, 10, 5, 4, 3, 6, 11]"
11n_164,"[7, 5, 0, 10, 1, 9, 2, 3, 6, 4, 8, 11]"
11n_167,"[4, 6, 0, 9, 1, 8, 2, 10, 5, 3, 7, 11]"
11n_168,"[6, 4, 0, 8, 1, 9, 2, 10, 5, 3, 7, 11]"
11n_170,"[5, 8, 0, 9, 1, 3, 10, 2, 4, 7, 6, 11]"
11n_173,"[5, 7, 0, 9, 1, 3, 10, 2, 6, 4, 8, 11]"
11n_176,"[5, 7, 0, 6, 1, 9, 10, 2, 3, 4, 8, 11]"
11n_181,"[6, 8, 0, 10, 9, 1, 3, 2, 5, 4, 7, 11]"
11n_182,"[8, 5, 0, 9, 10, 1, 4, 2, 3, 6, 7, 11]"
11n_183,"[4, 7, 0, 9, 2, 8, 1, 10, 3, 6, 5, 11]"
11n_184,"[4, 7, 0, 9, 2, 8, 1, 10, 3, 6, 5, 11]"
11n_185,"[6, 5, 0, 9, 10, 8, 3, 2, 1, 4, 7, 11]"
12a_0001,"[4, 0, 7, 1, 2, 9, 3, 5, 11, 6, 8, 10]"
12a_0002,"[4, 0, 7, 1, 2, 10, 3, 5, 11, 6, 8, 9]"
12a_0010,"[4, 0, 7, 1, 2, 9, 3, 6, 11, 5, 8, 10]"
12a_0011,"[4, 0, 7, 1, 2, 10, 3, 6, 11, 5, 8, 9]"
12a_0016,"[4, 0, 7, 1, 2, 10, 11, 3, 5, 6, 9, 8]"
12a_0023,"[4, 0, 8, 1, 2, 9, 11, 3, 6, 5, 7, 10]"
12a_0029,"[4, 0, 7, 1, 2, 11, 9, 3, 6, 8, 5, 10]"
12a_0030,"[4, 0, 8, 1, 2, 11, 9, 3, 6, 7, 5, 10]"
12a_0033,"[4, 0, 8, 1, 2, 11, 9, 3, 10, 7, 5, 6]"
12a_0035,"[4, 0, 8, 1, 2, 11, 10, 9, 3, 5, 6, 7]"
12a_0036,"[4, 0, 8, 1, 2, 11, 9, 10, 3, 7, 5, 6]"
12a_0048,"[3, 0, 6, 1, 11, 2, 10, 4, 5, 7, 9, 8]"
12a_0049,"[3, 0, 6, 1, 9, 2, 10, 4, 11, 7, 5, 8]"
12a_0051,"[3, 0, 5, 1, 8, 2, 11, 10, 4, 6, 7, 9]"
12a_0057,"[3, 0, 6, 1, 8, 2, 5, 10, 4, 11, 7, 9]"
12a_0060,"[3, 0, 6, 1, 7, 2, 9, 11, 4, 5, 8, 10]"
12a_0062,"[3, 0, 6, 1, 9, 2, 5, 11, 10, 4, 8, 7]"
12a_0066,"[3, 0, 6, 1, 9, 2, 10, 5, 11, 7, 4, 8]"
12a_0067,"[4, 0, 11, 1, 9, 2, 3, 10, 5, 7, 8, 6]"
12a_0071,"[4, 0, 10, 1, 9, 2, 11, 3, 5, 8, 6, 7]"
12a_0074,"[4, 0, 7, 1, 8, 2, 11, 9, 5, 3, 6, 10]"
12a_0077,"[3, 0, 7, 1, 11, 10, 2, 4, 5, 6, 9, 8]"
12a_0079,"[3, 0, 7, 1, 9, 11, 2, 4, 5, 8, 6, 10]"
12a_0081,"[3, 0, 6, 1, 10, 7, 2, 4, 11, 5, 9, 8]"
12a_0086,"[3, 0, 7, 1, 10, 9, 2, 4, 11, 5, 6, 8]"
12a_0088,"[3, 0, 6, 1, 11, 10, 2, 5, 4, 7, 8, 9]"
12a_0095,"[3, 0, 6, 1, 10, 8, 2, 11, 4, 5, 9, 7]"
12a_0097,"[3, 0, 6, 1, 10, 9, 2, 11, 4, 5, 8, 7]"
12a_0100,"[3, 0, 6, 1, 8, 10, 2, 11, 4, 7, 5, 9]"
12a_0103,"[3, 0, 6, 1, 8, 10, 2, 9, 4, 11, 5, 7]"
12a_0113,"[3, 0, 7, 1, 11, 8, 2, 9, 6, 4, 5, 10]"
12a_0114,"[3, 0, 6, 1, 10, 8, 2, 5, 7, 11, 4, 9]"
12a_0116,"[3, 0, 7, 1, 10, 8, 2, 5, 6, 11, 4, 9]"
12a_0117,"[3, 0, 6, 1, 11, 8, 2, 9, 5, 7, 4, 10]"
12a_0119,"[3, 0, 7, 1, 11, 9, 2, 6, 5, 8, 4, 10]"
12a_0121,"[3, 0, 7, 1, 10, 9, 2, 6, 11, 5, 4, 8]"
12a_0122,"[3, 0, 7, 1, 11, 9, 2, 10, 6, 8, 4, 5]"
12a_0127,"[4, 0, 6, 1, 3, 9, 2, 11, 10, 5, 7, 8]"
12a_0130,"[4, 0, 7, 1, 3, 10, 2, 6, 11, 5, 9, 8]"
12a_0136,"[4, 0, 5, 1, 7, 10, 2, 3, 11, 6, 8, 9]"
12a_0150,"[3, 0, 8, 1, 10, 9, 11, 2, 4, 5, 7, 6]"
12a_0151,"[3, 0, 7, 1, 11, 10, 8, 2, 4, 6, 5, 9]"
12a_0155,"[3, 0, 7, 1, 9, 11, 8, 2, 5, 4, 6, 10]"
12a_0156,"[3, 0, 7, 1, 9, 11, 10, 2, 5, 4, 6, 8]"
12a_0157,"[3, 0, 7, 1, 11, 8, 9, 2, 6, 4, 5, 10]"
12a_0163,"[3, 0, 7, 1, 9, 8, 10, 2, 11, 4, 6, 5]"
12a_0164,"[3, 0, 7, 1, 11, 9, 8, 2, 5, 6, 4, 10]"
12a_0165,"[3, 0, 7, 1, 11, 9, 8, 2, 6, 5, 4, 10]"
12a_0166,"[3, 0, 7, 1, 11, 10, 9, 2, 6, 8, 4, 5]"
12a_0167,"[3, 0, 8, 1, 11, 10, 9, 2, 6, 7, 4, 5]"
12a_0168,"[3, 0, 8, 1, 11, 10, 9, 2, 7, 6, 4, 5]"
12a_0172,"[4, 0, 8, 1, 3, 9, 11, 2, 5, 6, 7, 10]"
12a_0175,"[4, 0, 7, 1, 3, 10, 8, 2, 5, 11, 6, 9]"
12a_0177,"[4, 0, 8, 1, 3, 9, 11, 2, 6, 5, 7, 10]"
12a_0179,"[4, 0, 8, 1, 3, 10, 11, 2, 7, 5, 6, 9]"
12a_0181,"[4, 0, 7, 1, 3, 10, 8, 2, 6, 11, 5, 9]"
12a_0182,"[4, 0, 8, 1, 3, 11, 9, 2, 6, 7, 5, 10]"
12a_0189,"[4, 0, 11, 1, 8, 10, 3, 2, 5, 6, 9, 7]"
12a_0193,"[4, 0, 8, 1, 3, 10, 11, 9, 2, 5, 6, 7]"
12a_0195,"[4, 0, 8, 1, 3, 11, 9, 10, 2, 7, 5, 6]"
12a_0197,"[4, 0, 8, 1, 3, 11, 10, 9, 2, 7, 6, 5]"
12a_0203,"[5, 0, 11, 9, 1, 2, 3, 10, 4, 7, 8, 6]"
12a_0206,"[5, 0, 6, 9, 1, 2, 3, 11, 10, 4, 8, 7]"
12a_0207,"[5, 0, 7, 10, 1, 2, 3, 6, 11, 4, 8, 9]"
12a_0208,"[5, 0, 7, 10, 1, 2, 3, 6, 11, 4, 9, 8]"
12a_0209,"[5, 0, 8, 11, 1, 2, 3, 10, 6, 4, 7, 9]"
12a_0210,"[4, 0, 8, 5, 1, 2, 10, 3, 6, 11, 7, 9]"
12a_0212,"[4, 0, 7, 5, 1, 2, 10, 3, 11, 6, 9, 8]"
12a_0215,"[5, 0, 9, 8, 1, 2, 11, 3, 4, 6, 7, 10]"
12a_0223,"[5, 0, 8, 10, 1, 2, 11, 3, 6, 4, 7, 9]"
12a_0224,"[5, 0, 10, 7, 1, 2, 8, 3, 11, 4, 6, 9]"
12a_0229,"[5, 0, 8, 10, 1, 2, 11, 3, 7, 4, 9, 6]"
12a_0231,"[5, 0, 6, 9, 1, 2, 10, 3, 11, 7, 4, 8]"
12a_0233,"[5, 0, 10, 7, 1, 2, 8, 3, 11, 6, 4, 9]"
12a_0234,"[4, 0, 8, 5, 1, 2, 10, 11, 3, 6, 7, 9]"
12a_0236,"[4, 0, 9, 5, 1, 2, 10, 11, 3, 6, 7, 8]"
12a_0239,"[4, 0, 9, 5, 1, 2, 11, 10, 3, 8, 7, 6]"
12a_0244,"[4, 0, 7, 10, 1, 2, 9, 11, 3, 6, 8, 5]"
12a_0245,"[4, 0, 10, 7, 1, 2, 9, 11, 3, 6, 8, 5]"
12a_0246,"[5, 0, 11, 9, 1, 2, 4, 10, 3, 7, 8, 6]"
12a_0251,"[5, 0, 10, 9, 1, 2, 11, 4, 3, 8, 7, 6]"
12a_0256,"[5, 0, 10, 8, 1, 2, 9, 11, 3, 6, 4, 7]"
12a_0260,"[5, 0, 10, 7, 1, 2, 9, 11, 3, 6, 8, 4]"
12a_0265,"[5, 0, 8, 7, 1, 2, 9, 10, 11, 4, 3, 6]"
12a_0269,"[5, 0, 6, 9, 1, 3, 2, 11, 10, 4, 7, 8]"
12a_0270,"[5, 0, 6, 9, 1, 3, 2, 11, 10, 4, 8, 7]"
12a_0280,"[4, 0, 8, 9, 1, 11, 2, 3, 7, 6, 5, 10]"
12a_0281,"[4, 0, 9, 8, 1, 11, 2, 3, 7, 6, 5, 10]"
12a_0287,"[5, 0, 8, 11, 1, 10, 2, 3, 7, 4, 6, 9]"
12a_0288,"[5, 0, 9, 11, 1, 8, 2, 3, 6, 7, 4, 10]"
12a_0290,"[4, 0, 10, 5, 1, 9, 2, 11, 3, 6, 7, 8]"
12a_0291,"[4, 0, 10, 5, 1, 9, 2, 11, 3, 6, 8, 7]"
12a_0292,"[4, 0, 6, 9, 1, 8, 2, 11, 3, 5, 7, 10]"
12a_0295,"[4, 0, 8, 6, 1, 11, 2, 9, 3, 7, 5, 10]"
12a_0296,"[4, 0, 9, 6, 1, 10, 2, 11, 3, 8, 5, 7]"
12a_0297,"[4, 0, 7, 9, 1, 11, 2, 10, 3, 8, 5, 6]"
12a_0298,"[4, 0, 9, 7, 1, 11, 2, 10, 3, 8, 5, 6]"
12a_0302,"[4, 0, 7, 9, 1, 11, 2, 10, 3, 8, 6, 5]"
12a_0303,"[4, 0, 9, 7, 1, 11, 2, 10, 3, 8, 6, 5]"
12a_0306,"[5, 0, 9, 11, 1, 4, 2, 10, 3, 8, 7, 6]"
12a_0308,"[5, 0, 11, 8, 1, 10, 2, 4, 3, 6, 9, 7]"
12a_0311,"[5, 0, 8, 9, 1, 10, 2, 11, 3, 6, 4, 7]"
12a_0312,"[5, 0, 9, 8, 1, 10, 2, 11, 3, 6, 4, 7]"
12a_0313,"[4, 0, 8, 5, 1, 9, 2, 11, 6, 3, 7, 10]"
12a_0319,"[4, 0, 6, 9, 1, 10, 2, 11, 5, 3, 7, 8]"
12a_0321,"[4, 0, 10, 6, 1, 9, 2, 11, 5, 3, 7, 8]"
12a_0325,"[4, 0, 11, 8, 1, 9, 2, 10, 5, 3, 7, 6]"
12a_0329,"[5, 0, 9, 6, 1, 4, 2, 11, 10, 3, 7, 8]"
12a_0331,"[5, 0, 6, 10, 1, 7, 2, 4, 11, 3, 8, 9]"
12a_0332,"[5, 0, 6, 10, 1, 7, 2, 4, 11, 3, 9, 8]"
12a_0334,"[5, 0, 6, 11, 1, 7, 2, 10, 4, 3, 8, 9]"
12a_0336,"[4, 0, 11, 6, 1, 9, 2, 10, 5, 8, 3, 7]"
12a_0342,"[5, 0, 7, 9, 1, 10, 2, 11, 4, 8, 6, 3]"
12a_0345,"[4, 0, 7, 5, 1, 3, 10, 2, 11, 6, 9, 8]"
12a_0346,"[4, 0, 11, 9, 1, 3, 10, 2, 5, 6, 7, 8]"
12a_0347,"[4, 0, 11, 9, 1, 3, 10, 2, 5, 7, 6, 8]"
12a_0348,"[5, 0, 7, 9, 1, 3, 10, 2, 4, 11, 6, 8]"
12a_0358,"[4, 0, 10, 9, 1, 11, 3, 2, 6, 7, 8, 5]"
12a_0360,"[5, 0, 9, 10, 1, 4, 3, 2, 11, 7, 6, 8]"
12a_0362,"[5, 0, 11, 9, 1, 10, 3, 2, 6, 4, 8, 7]"
12a_0373,"[4, 0, 8, 7, 1, 11, 9, 2, 3, 6, 5, 10]"
12a_0374,"[4, 0, 9, 7, 1, 11, 10, 2, 3, 8, 5, 6]"
12a_0375,"[4, 0, 8, 9, 1, 11, 10, 2, 3, 7, 5, 6]"
12a_0376,"[4, 0, 9, 8, 1, 11, 10, 2, 3, 7, 5, 6]"
12a_0377,"[4, 0, 10, 6, 1, 11, 9, 2, 3, 7, 8, 5]"
12a_0386,"[5, 0, 8, 11, 1, 10, 4, 2, 3, 6, 9, 7]"
12a_0389,"[5, 0, 11, 6, 1, 10, 9, 2, 3, 4, 8, 7]"
12a_0390,"[4, 0, 11, 6, 1, 9, 10, 2, 5, 3, 7, 8]"
12a_0392,"[4, 0, 7, 9, 1, 11, 10, 2, 5, 3, 6, 8]"
12a_0393,"[4, 0, 10, 7, 1, 11, 9, 2, 5, 3, 6, 8]"
12a_0395,"[4, 0, 10, 8, 1, 9, 11, 2, 5, 3, 7, 6]"
12a_0396,"[4, 0, 7, 9, 1, 11, 8, 2, 10, 3, 5, 6]"
12a_0401,"[4, 0, 7, 9, 1, 11, 8, 2, 10, 3, 6, 5]"
12a_0404,"[5, 0, 7, 10, 1, 4, 9, 2, 11, 3, 6, 8]"
12a_0408,"[4, 0, 6, 9, 1, 11, 10, 2, 5, 7, 3, 8]"
12a_0409,"[4, 0, 11, 7, 1, 9, 10, 2, 5, 6, 3, 8]"
12a_0411,"[4, 0, 11, 8, 1, 9, 10, 2, 5, 6, 3, 7]"
12a_0413,"[4, 0, 6, 9, 1, 8, 10, 2, 11, 7, 3, 5]"
12a_0414,"[5, 0, 9, 6, 1, 4, 10, 2, 11, 7, 3, 8]"
12a_0415,"[5, 0, 10, 8, 1, 4, 11, 2, 6, 7, 3, 9]"
12a_0416,"[5, 0, 10, 8, 1, 4, 9, 2, 11, 7, 3, 6]"
12a_0419,"[5, 0, 10, 6, 1, 8, 11, 2, 4, 7, 3, 9]"
12a_0420,"[4, 0, 8, 5, 1, 3, 10, 11, 2, 6, 7, 9]"
12a_0422,"[4, 0, 9, 5, 1, 3, 10, 11, 2, 6, 7, 8]"
12a_0425,"[4, 0, 9, 5, 1, 3, 11, 10, 2, 8, 7, 6]"
12a_0426,"[4, 0, 11, 7, 1, 3, 10, 5, 2, 6, 9, 8]"
12a_0427,"[5, 0, 9, 7, 1, 3, 10, 4, 2, 11, 6, 8]"
12a_0428,"[4, 0, 10, 5, 1, 9, 3, 11, 2, 6, 7, 8]"
12a_0429,"[4, 0, 10, 5, 1, 9, 3, 11, 2, 6, 8, 7]"
12a_0433,"[4, 0, 8, 6, 1, 11, 3, 9, 2, 7, 5, 10]"
12a_0434,"[4, 0, 9, 6, 1, 10, 3, 11, 2, 7, 5, 8]"
12a_0435,"[4, 0, 9, 7, 1, 11, 3, 6, 2, 8, 5, 10]"
12a_0439,"[5, 0, 11, 10, 1, 8, 3, 4, 2, 7, 6, 9]"
12a_0444,"[4, 0, 8, 7, 1, 11, 9, 3, 2, 6, 5, 10]"
12a_0445,"[4, 0, 9, 7, 1, 11, 10, 3, 2, 8, 5, 6]"
12a_0446,"[4, 0, 10, 6, 1, 11, 9, 3, 2, 7, 8, 5]"
12a_0448,"[5, 0, 8, 7, 1, 4, 10, 3, 2, 11, 6, 9]"
12a_0450,"[5, 0, 8, 11, 1, 10, 4, 3, 2, 6, 9, 7]"
12a_0451,"[5, 0, 9, 11, 1, 10, 4, 3, 2, 8, 6, 7]"
12a_0456,"[5, 0, 10, 8, 1, 4, 9, 11, 2, 7, 3, 6]"
12a_0459,"[5, 0, 11, 6, 1, 8, 10, 4, 2, 7, 3, 9]"
12a_0463,"[5, 0, 9, 6, 1, 3, 4, 11, 10, 2, 8, 7]"
12a_0464,"[5, 0, 10, 8, 1, 3, 11, 4, 6, 2, 9, 7]"
12a_0472,"[5, 0, 11, 8, 1, 4, 3, 10, 6, 2, 7, 9]"
12a_0475,"[4, 0, 11, 6, 1, 8, 10, 3, 5, 2, 7, 9]"
12a_0482,"[5, 0, 9, 8, 1, 4, 11, 10, 3, 2, 7, 6]"
12a_0485,"[5, 0, 7, 8, 1, 4, 11, 10, 6, 2, 3, 9]"
12a_0486,"[5, 0, 7, 8, 1, 4, 9, 10, 11, 2, 3, 6]"
12a_0490,"[4, 0, 10, 6, 1, 9, 3, 11, 5, 7, 2, 8]"
12a_0491,"[5, 0, 9, 6, 1, 4, 10, 3, 11, 7, 2, 8]"
12a_0493,"[5, 0, 8, 9, 1, 10, 4, 11, 3, 6, 2, 7]"
12a_0494,"[5, 0, 9, 8, 1, 10, 4, 11, 3, 6, 2, 7]"
12a_0496,"[5, 0, 10, 11, 6, 1, 2, 3, 4, 7, 8, 9]"
12a_0498,"[5, 0, 11, 9, 10, 1, 2, 3, 4, 8, 7, 6]"
12a_0503,"[6, 0, 7, 9, 11, 1, 2, 3, 4, 8, 5, 10]"
12a_0504,"[6, 0, 8, 7, 10, 1, 2, 3, 4, 11, 5, 9]"
12a_0505,"[6, 0, 9, 8, 11, 1, 2, 3, 4, 7, 5, 10]"
12a_0508,"[5, 0, 7, 10, 6, 1, 2, 3, 11, 4, 9, 8]"
12a_0509,"[5, 0, 10, 8, 6, 1, 2, 3, 11, 4, 7, 9]"
12a_0515,"[5, 0, 8, 10, 11, 1, 2, 3, 7, 4, 9, 6]"
12a_0519,"[6, 0, 7, 9, 10, 1, 2, 3, 11, 4, 5, 8]"
12a_0523,"[5, 0, 10, 8, 6, 1, 2, 3, 11, 7, 4, 9]"
12a_0524,"[6, 0, 8, 7, 10, 1, 2, 3, 5, 11, 4, 9]"
12a_0525,"[6, 0, 8, 11, 10, 1, 2, 3, 7, 5, 4, 9]"
12a_0528,"[5, 0, 10, 9, 11, 1, 2, 4, 3, 8, 7, 6]"
12a_0529,"[6, 0, 11, 8, 10, 1, 2, 4, 3, 5, 9, 7]"
12a_0540,"[6, 0, 10, 9, 8, 1, 2, 11, 3, 4, 5, 7]"
12a_0541,"[6, 0, 10, 9, 7, 1, 2, 11, 3, 4, 8, 5]"
12a_0542,"[6, 0, 9, 8, 10, 1, 2, 11, 3, 5, 4, 7]"
12a_0546,"[6, 0, 9, 7, 10, 1, 2, 11, 3, 5, 8, 4]"
12a_0549,"[5, 0, 10, 9, 6, 1, 2, 11, 4, 3, 8, 7]"
12a_0554,"[6, 0, 7, 9, 11, 1, 3, 2, 4, 8, 5, 10]"
12a_0561,"[5, 0, 8, 11, 10, 1, 3, 2, 7, 4, 9, 6]"
12a_0562,"[6, 0, 7, 11, 10, 1, 3, 2, 5, 4, 9, 8]"
12a_0563,"[6, 0, 7, 9, 10, 1, 3, 2, 11, 4, 5, 8]"
12a_0564,"[6, 0, 7, 10, 9, 1, 3, 2, 11, 4, 5, 8]"
12a_0567,"[5, 0, 11, 9, 10, 1, 4, 2, 3, 6, 7, 8]"
12a_0569,"[6, 0, 8, 9, 11, 1, 4, 2, 3, 7, 5, 10]"
12a_0570,"[6, 0, 9, 8, 11, 1, 4, 2, 3, 7, 5, 10]"
12a_0571,"[5, 0, 11, 6, 10, 1, 9, 2, 3, 4, 7, 8]"
12a_0574,"[5, 0, 8, 9, 7, 1, 11, 2, 3, 4, 6, 10]"
12a_0575,"[5, 0, 9, 8, 7, 1, 11, 2, 3, 4, 6, 10]"
12a_0576,"[5, 0, 8, 9, 10, 1, 11, 2, 3, 4, 6, 7]"
12a_0577,"[5, 0, 8, 10, 9, 1, 11, 2, 3, 4, 6, 7]"
12a_0578,"[5, 0, 10, 9, 8, 1, 11, 2, 3, 4, 6, 7]"
12a_0579,"[5, 0, 10, 9, 7, 1, 11, 2, 3, 4, 8, 6]"
12a_0580,"[5, 0, 8, 9, 10, 1, 11, 2, 3, 4, 7, 6]"
12a_0588,"[5, 0, 11, 9, 7, 1, 10, 2, 3, 6, 4, 8]"
12a_0594,"[5, 0, 10, 9, 8, 1, 11, 2, 4, 3, 6, 7]"
12a_0596,"[5, 0, 10, 9, 8, 1, 11, 2, 4, 3, 7, 6]"
12a_0597,"[6, 0, 10, 9, 11, 1, 5, 2, 4, 3, 8, 7]"
12a_0611,"[5, 0, 11, 7, 9, 1, 10, 2, 6, 4, 3, 8]"
12a_0615,"[5, 0, 8, 6, 10, 1, 11, 2, 7, 4, 9, 3]"
12a_0617,"[5, 0, 8, 9, 6, 1, 10, 2, 11, 4, 7, 3]"
12a_0623,"[5, 0, 8, 10, 6, 1, 3, 11, 2, 4, 7, 9]"
12a_0626,"[5, 0, 11, 7, 8, 1, 3, 10, 2, 6, 4, 9]"
12a_0628,"[5, 0, 11, 10, 6, 1, 4, 3, 2, 7, 8, 9]"
12a_0629,"[5, 0, 11, 10, 9, 1, 4, 3, 2, 6, 7, 8]"
12a_0631,"[5, 0, 11, 7, 6, 1, 10, 3, 2, 4, 8, 9]"
12a_0633,"[5, 0, 11, 10, 6, 1, 9, 3, 2, 4, 7, 8]"
12a_0634,"[5, 0, 8, 10, 9, 1, 11, 3, 2, 4, 6, 7]"
12a_0635,"[5, 0, 10, 7, 9, 1, 11, 3, 2, 4, 8, 6]"
12a_0636,"[5, 0, 8, 10, 9, 1, 11, 3, 2, 4, 7, 6]"
12a_0637,"[5, 0, 11, 7, 9, 1, 10, 3, 2, 6, 4, 8]"
12a_0643,"[5, 0, 9, 10, 6, 1, 4, 11, 2, 3, 8, 7]"
12a_0647,"[5, 0, 9, 7, 8, 1, 11, 4, 2, 3, 6, 10]"
12a_0648,"[5, 0, 9, 8, 7, 1, 11, 4, 2, 3, 6, 10]"
12a_0650,"[5, 0, 10, 9, 7, 1, 11, 4, 2, 3, 8, 6]"
12a_0654,"[5, 0, 11, 8, 6, 1, 4, 10, 2, 7, 3, 9]"
12a_0655,"[5, 0, 11, 9, 6, 1, 4, 10, 2, 7, 3, 8]"
12a_0665,"[5, 0, 8, 6, 9, 1, 11, 10, 2, 4, 7, 3]"
12a_0666,"[6, 0, 9, 11, 8, 1, 5, 10, 2, 4, 7, 3]"
12a_0668,"[5, 0, 10, 8, 6, 1, 3, 11, 4, 2, 7, 9]"
12a_0670,"[5, 0, 7, 11, 6, 1, 10, 3, 4, 2, 8, 9]"
12a_0672,"[5, 0, 10, 11, 6, 1, 9, 3, 4, 2, 7, 8]"
12a_0679,"[5, 0, 9, 8, 7, 1, 11, 4, 3, 2, 6, 10]"
12a_0683,"[6, 0, 10, 8, 9, 1, 5, 11, 4, 2, 3, 7]"
12a_0684,"[6, 0, 10, 9, 8, 1, 5, 11, 4, 2, 3, 7]"
12a_0685,"[5, 0, 9, 8, 6, 1, 10, 4, 11, 2, 7, 3]"
12a_0689,"[6, 0, 10, 9, 7, 1, 4, 5, 11, 3, 2, 8]"
12a_0692,"[6, 0, 5, 9, 2, 3, 1, 11, 10, 4, 7, 8]"
12a_0693,"[7, 0, 5, 10, 2, 3, 1, 6, 11, 4, 8, 9]"
12a_0694,"[7, 0, 5, 9, 2, 3, 1, 10, 11, 4, 8, 6]"
12a_0699,"[7, 0, 11, 9, 2, 10, 1, 5, 3, 6, 8, 4]"
12a_0701,"[6, 0, 8, 11, 2, 10, 1, 9, 3, 5, 7, 4]"
12a_0702,"[7, 0, 9, 11, 2, 10, 1, 6, 3, 5, 8, 4]"
12a_0703,"[7, 0, 11, 9, 2, 8, 1, 10, 3, 6, 5, 4]"
12a_0705,"[7, 0, 8, 10, 2, 11, 1, 4, 5, 6, 3, 9]"
12a_0706,"[6, 0, 10, 8, 2, 9, 1, 4, 11, 5, 3, 7]"
12a_0708,"[7, 0, 10, 8, 2, 9, 1, 4, 11, 5, 3, 6]"
12a_0711,"[7, 0, 9, 8, 2, 10, 1, 6, 11, 5, 3, 4]"
12a_0712,"[7, 0, 10, 9, 8, 3, 1, 2, 11, 6, 5, 4]"
12a_0718,"[6, 0, 8, 11, 10, 9, 1, 2, 3, 4, 5, 7]"
12a_0719,"[6, 0, 9, 8, 11, 10, 1, 2, 3, 4, 5, 7]"
12a_0721,"[6, 0, 11, 10, 9, 8, 1, 2, 3, 4, 5, 7]"
12a_0723,"[7, 0, 8, 9, 11, 10, 1, 2, 3, 4, 5, 6]"
12a_0725,"[7, 0, 9, 8, 11, 10, 1, 2, 3, 4, 5, 6]"
12a_0730,"[7, 0, 10, 9, 8, 11, 1, 2, 3, 4, 6, 5]"
12a_0731,"[6, 0, 8, 11, 10, 7, 1, 2, 3, 5, 4, 9]"
12a_0735,"[7, 0, 9, 8, 11, 10, 1, 2, 3, 6, 5, 4]"
12a_0736,"[6, 0, 11, 10, 9, 7, 1, 2, 5, 3, 4, 8]"
12a_0737,"[6, 0, 11, 10, 8, 9, 1, 2, 5, 3, 4, 7]"
12a_0739,"[7, 0, 11, 10, 8, 9, 1, 2, 5, 3, 4, 6]"
12a_0741,"[7, 0, 10, 8, 11, 9, 1, 2, 5, 3, 6, 4]"
12a_0742,"[6, 0, 10, 11, 9, 7, 1, 2, 4, 5, 3, 8]"
12a_0750,"[7, 0, 8, 10, 9, 11, 1, 3, 2, 4, 6, 5]"
12a_0760,"[6, 0, 9, 11, 10, 7, 1, 5, 2, 3, 4, 8]"
12a_0762,"[7, 0, 9, 10, 11, 8, 1, 6, 2, 3, 4, 5]"
12a_0766,"[6, 0, 9, 8, 7, 10, 1, 11, 2, 3, 5, 4]"
12a_0767,"[7, 0, 10, 9, 11, 8, 1, 6, 2, 3, 5, 4]"
12a_0768,"[6, 0, 10, 11, 7, 9, 1, 4, 2, 5, 3, 8]"
12a_0769,"[6, 0, 11, 10, 7, 9, 1, 4, 2, 5, 3, 8]"
12a_0771,"[6, 0, 10, 8, 11, 9, 1, 4, 2, 5, 3, 7]"
12a_0772,"[6, 0, 11, 10, 7, 8, 1, 5, 2, 4, 3, 9]"
12a_0775,"[7, 0, 11, 10, 9, 8, 1, 6, 2, 4, 3, 5]"
12a_0777,"[6, 0, 8, 11, 7, 9, 1, 10, 2, 5, 3, 4]"
12a_0780,"[7, 0, 9, 11, 8, 10, 1, 5, 2, 4, 6, 3]"
12a_0785,"[6, 0, 5, 11, 10, 9, 1, 4, 3, 2, 8, 7]"
12a_0787,"[6, 0, 9, 11, 10, 7, 1, 5, 3, 2, 4, 8]"
12a_0791,"[6, 0, 10, 11, 8, 7, 1, 5, 4, 2, 3, 9]"
12a_0793,"[7, 0, 5, 8, 9, 10, 1, 6, 11, 2, 3, 4]"
12a_0796,"[7, 0, 10, 11, 9, 8, 1, 6, 5, 2, 3, 4]"
12a_0798,"[7, 0, 10, 8, 11, 9, 1, 6, 4, 2, 5, 3]"
12a_0800,"[7, 0, 11, 10, 9, 8, 1, 6, 4, 5, 2, 3]"
12a_0801,"[7, 0, 11, 9, 10, 8, 1, 5, 6, 4, 2, 3]"
12a_0803,"[7, 0, 11, 10, 9, 8, 1, 6, 5, 4, 3, 2]"
12a_0804,"[7, 6, 0, 1, 2, 10, 4, 3, 11, 5, 8, 9]"
12a_0805,"[8, 9, 0, 1, 2, 10, 11, 3, 4, 5, 6, 7]"
12a_0806,"[8, 9, 0, 1, 2, 11, 10, 3, 4, 5, 6, 7]"
12a_0807,"[8, 9, 0, 1, 2, 11, 10, 3, 4, 7, 5, 6]"
12a_0808,"[8, 9, 0, 1, 2, 11, 10, 3, 4, 7, 6, 5]"
12a_0809,"[8, 7, 0, 1, 2, 10, 11, 4, 3, 5, 6, 9]"
12a_0810,"[8, 7, 0, 1, 2, 11, 10, 4, 3, 5, 6, 9]"
12a_0812,"[3, 6, 0, 1, 9, 2, 10, 4, 11, 7, 5, 8]"
12a_0814,"[3, 5, 0, 1, 8, 2, 11, 10, 4, 6, 7, 9]"
12a_0818,"[3, 6, 0, 1, 9, 2, 10, 5, 11, 7, 4, 8]"
12a_0823,"[3, 7, 0, 1, 10, 9, 2, 4, 11, 5, 6, 8]"
12a_0827,"[3, 6, 0, 1, 10, 9, 2, 11, 4, 5, 8, 7]"
12a_0828,"[3, 6, 0, 1, 8, 10, 2, 11, 4, 7, 5, 9]"
12a_0841,"[3, 8, 0, 1, 10, 9, 11, 2, 4, 5, 7, 6]"
12a_0845,"[3, 7, 0, 1, 9, 11, 10, 2, 5, 4, 6, 8]"
12a_0847,"[3, 7, 0, 1, 9, 8, 10, 2, 11, 4, 6, 5]"
12a_0852,"[8, 4, 0, 1, 11, 10, 9, 2, 3, 5, 6, 7]"
12a_0853,"[8, 4, 0, 1, 10, 9, 11, 2, 3, 5, 7, 6]"
12a_0855,"[9, 5, 0, 1, 8, 10, 11, 2, 4, 3, 6, 7]"
12a_0858,"[10, 6, 0, 1, 9, 8, 11, 2, 5, 4, 3, 7]"
12a_0861,"[8, 4, 0, 1, 11, 10, 9, 3, 2, 5, 6, 7]"
12a_0862,"[8, 4, 0, 1, 10, 9, 11, 3, 2, 5, 7, 6]"
12a_0864,"[8, 5, 0, 1, 9, 10, 11, 3, 4, 2, 6, 7]"
12a_0873,"[6, 5, 0, 9, 1, 2, 10, 3, 11, 7, 4, 8]"
12a_0876,"[4, 5, 0, 8, 1, 2, 10, 11, 3, 6, 7, 9]"
12a_0878,"[4, 5, 0, 9, 1, 2, 10, 11, 3, 6, 7, 8]"
12a_0882,"[5, 4, 0, 9, 1, 2, 11, 10, 3, 6, 7, 8]"
12a_0886,"[6, 5, 0, 9, 1, 2, 10, 4, 11, 7, 3, 8]"
12a_0888,"[8, 9, 0, 7, 1, 2, 11, 10, 5, 4, 3, 6]"
12a_0893,"[8, 7, 0, 9, 1, 2, 10, 5, 11, 6, 4, 3]"
12a_0894,"[8, 9, 0, 7, 1, 2, 10, 11, 5, 6, 4, 3]"
12a_0895,"[7, 5, 0, 9, 1, 10, 2, 3, 11, 4, 6, 8]"
12a_0902,"[6, 4, 0, 10, 1, 9, 2, 11, 3, 5, 8, 7]"
12a_0903,"[4, 7, 0, 9, 1, 10, 2, 11, 5, 3, 8, 6]"
12a_0904,"[8, 10, 0, 11, 1, 9, 2, 4, 5, 6, 7, 3]"
12a_0905,"[8, 10, 0, 11, 1, 9, 2, 4, 6, 5, 7, 3]"
12a_0907,"[8, 10, 0, 7, 1, 9, 2, 11, 5, 6, 4, 3]"
12a_0909,"[3, 9, 0, 8, 1, 10, 11, 2, 4, 5, 6, 7]"
12a_0912,"[3, 9, 0, 8, 1, 11, 10, 2, 4, 7, 6, 5]"
12a_0913,"[5, 7, 0, 10, 1, 3, 9, 2, 11, 4, 6, 8]"
12a_0914,"[7, 5, 0, 10, 1, 9, 3, 2, 11, 4, 6, 8]"
12a_0916,"[4, 7, 0, 9, 1, 10, 11, 2, 3, 5, 6, 8]"
12a_0919,"[7, 4, 0, 11, 1, 10, 9, 2, 3, 6, 5, 8]"
12a_0923,"[4, 8, 0, 9, 1, 10, 11, 2, 5, 3, 6, 7]"
12a_0924,"[4, 8, 0, 9, 1, 11, 10, 2, 5, 3, 6, 7]"
12a_0927,"[8, 5, 0, 9, 1, 11, 10, 2, 4, 3, 6, 7]"
12a_0928,"[5, 8, 0, 6, 1, 10, 9, 2, 11, 3, 4, 7]"
12a_0930,"[4, 8, 0, 10, 1, 9, 11, 2, 5, 6, 3, 7]"
12a_0931,"[4, 8, 0, 10, 1, 9, 11, 2, 6, 5, 3, 7]"
12a_0936,"[9, 6, 0, 10, 1, 8, 11, 2, 5, 4, 3, 7]"
12a_0939,"[7, 4, 0, 8, 1, 10, 9, 2, 11, 6, 5, 3]"
12a_0940,"[8, 4, 0, 7, 1, 10, 9, 2, 11, 6, 5, 3]"
12a_0941,"[8, 5, 0, 11, 1, 9, 10, 2, 4, 6, 7, 3]"
12a_0944,"[3, 7, 0, 8, 1, 10, 11, 4, 2, 5, 6, 9]"
12a_0949,"[9, 5, 0, 6, 1, 10, 3, 11, 2, 4, 7, 8]"
12a_0952,"[4, 9, 0, 7, 1, 10, 11, 3, 2, 5, 6, 8]"
12a_0964,"[8, 5, 0, 10, 1, 9, 11, 4, 2, 7, 3, 6]"
12a_0965,"[8, 5, 0, 7, 1, 9, 11, 10, 2, 4, 3, 6]"
12a_0970,"[8, 5, 0, 11, 1, 9, 10, 4, 2, 6, 7, 3]"
12a_0972,"[8, 5, 0, 7, 1, 9, 10, 11, 2, 6, 4, 3]"
12a_0973,"[9, 4, 0, 8, 1, 3, 11, 10, 5, 2, 6, 7]"
12a_0974,"[9, 4, 0, 8, 1, 3, 11, 10, 5, 2, 7, 6]"
12a_0975,"[5, 10, 0, 8, 1, 3, 11, 4, 6, 2, 7, 9]"
12a_0976,"[5, 10, 0, 8, 1, 3, 9, 4, 11, 2, 7, 6]"
12a_0979,"[4, 9, 0, 7, 1, 10, 3, 11, 5, 2, 8, 6]"
12a_0981,"[4, 9, 0, 8, 1, 10, 11, 3, 5, 2, 6, 7]"
12a_0982,"[4, 9, 0, 8, 1, 11, 10, 3, 5, 2, 6, 7]"
12a_0986,"[8, 6, 0, 11, 1, 9, 10, 3, 5, 2, 4, 7]"
12a_0987,"[9, 5, 0, 7, 1, 10, 4, 11, 3, 2, 6, 8]"
12a_0990,"[10, 5, 0, 7, 1, 9, 4, 11, 6, 2, 3, 8]"
12a_0999,"[4, 10, 0, 8, 1, 9, 11, 3, 5, 6, 2, 7]"
12a_1000,"[4, 10, 0, 8, 1, 9, 11, 3, 6, 5, 2, 7]"
12a_1001,"[6, 9, 0, 7, 1, 10, 4, 3, 11, 5, 2, 8]"
12a_1002,"[9, 6, 0, 8, 1, 10, 11, 3, 4, 5, 2, 7]"
12a_1010,"[8, 7, 0, 11, 1, 10, 9, 4, 5, 6, 2, 3]"
12a_1016,"[7, 9, 0, 8, 1, 11, 10, 4, 3, 5, 6, 2]"
12a_1018,"[9, 7, 0, 8, 1, 11, 10, 4, 3, 5, 6, 2]"
12a_1021,"[8, 7, 0, 11, 2, 1, 10, 5, 3, 4, 6, 9]"
12a_1022,"[10, 9, 0, 7, 2, 1, 4, 11, 6, 5, 8, 3]"
12a_1025,"[8, 9, 0, 11, 10, 1, 2, 3, 6, 4, 5, 7]"
12a_1026,"[8, 9, 0, 11, 10, 1, 2, 3, 6, 5, 4, 7]"
12a_1029,"[5, 6, 0, 9, 10, 1, 2, 11, 3, 4, 8, 7]"
12a_1036,"[5, 6, 0, 11, 8, 1, 2, 10, 3, 7, 4, 9]"
12a_1043,"[8, 9, 0, 7, 10, 1, 2, 11, 6, 5, 4, 3]"
12a_1044,"[8, 9, 0, 11, 7, 1, 2, 10, 6, 5, 4, 3]"
12a_1050,"[8, 5, 0, 11, 7, 1, 10, 2, 3, 4, 6, 9]"
12a_1057,"[7, 5, 0, 11, 8, 1, 10, 2, 4, 3, 6, 9]"
12a_1059,"[5, 8, 0, 10, 9, 1, 11, 2, 6, 3, 4, 7]"
12a_1060,"[8, 6, 0, 10, 9, 1, 11, 2, 5, 3, 4, 7]"
12a_1061,"[4, 9, 0, 10, 8, 1, 11, 2, 5, 6, 3, 7]"
12a_1062,"[5, 8, 0, 10, 9, 1, 11, 2, 6, 4, 3, 7]"
12a_1073,"[5, 9, 0, 7, 10, 1, 11, 3, 2, 6, 4, 8]"
12a_1076,"[9, 6, 0, 11, 7, 1, 10, 3, 2, 5, 4, 8]"
12a_1077,"[8, 6, 0, 11, 10, 1, 9, 3, 2, 5, 4, 7]"
12a_1079,"[9, 6, 0, 10, 7, 1, 11, 4, 2, 3, 5, 8]"
12a_1080,"[5, 9, 0, 7, 10, 1, 4, 11, 2, 6, 3, 8]"
12a_1087,"[9, 6, 0, 8, 11, 1, 10, 4, 2, 5, 7, 3]"
12a_1091,"[8, 6, 0, 9, 11, 1, 10, 5, 2, 4, 7, 3]"
12a_1092,"[6, 8, 0, 9, 7, 1, 11, 10, 2, 4, 5, 3]"
12a_1093,"[5, 9, 0, 8, 7, 1, 10, 11, 2, 6, 4, 3]"
12a_1094,"[6, 8, 0, 11, 9, 1, 10, 5, 2, 7, 4, 3]"
12a_1095,"[8, 6, 0, 11, 10, 1, 9, 5, 2, 7, 4, 3]"
12a_1100,"[5, 9, 0, 11, 8, 1, 10, 3, 6, 2, 4, 7]"
12a_1101,"[9, 6, 0, 11, 8, 1, 10, 3, 5, 2, 4, 7]"
12a_1103,"[9, 6, 0, 8, 11, 1, 10, 4, 3, 2, 5, 7]"
12a_1111,"[9, 6, 0, 7, 8, 1, 10, 11, 5, 2, 4, 3]"
12a_1115,"[10, 6, 0, 9, 8, 1, 11, 3, 4, 5, 2, 7]"
12a_1117,"[10, 5, 0, 9, 8, 1, 4, 11, 6, 3, 2, 7]"
12a_1120,"[10, 7, 0, 8, 9, 1, 11, 3, 4, 5, 6, 2]"
12a_1122,"[4, 7, 0, 9, 2, 10, 1, 11, 6, 3, 8, 5]"
12a_1123,"[5, 7, 0, 10, 2, 9, 1, 11, 6, 3, 8, 4]"
12a_1129,"[6, 7, 0, 9, 11, 10, 1, 2, 3, 4, 5, 8]"
12a_1133,"[7, 6, 0, 11, 10, 9, 1, 2, 3, 4, 5, 8]"
12a_1136,"[8, 7, 0, 11, 10, 9, 1, 2, 3, 4, 5, 6]"
12a_1137,"[8, 7, 0, 10, 9, 11, 1, 2, 3, 4, 6, 5]"
12a_1142,"[6, 7, 0, 9, 11, 10, 1, 2, 4, 3, 5, 8]"
12a_1144,"[7, 6, 0, 9, 11, 10, 1, 2, 4, 3, 5, 8]"
12a_1146,"[8, 7, 0, 11, 10, 9, 1, 2, 6, 3, 4, 5]"
12a_1147,"[8, 7, 0, 11, 10, 9, 1, 2, 5, 6, 3, 4]"
12a_1151,"[9, 7, 0, 8, 11, 10, 1, 4, 2, 6, 5, 3]"
12a_1154,"[8, 6, 0, 10, 9, 2, 11, 1, 3, 4, 7, 5]"
12a_1155,"[5, 7, 0, 11, 8, 2, 10, 1, 3, 6, 4, 9]"
12a_1157,"[8, 7, 0, 9, 10, 11, 2, 1, 3, 4, 5, 6]"
12a_1160,"[8, 7, 0, 10, 9, 11, 2, 1, 3, 4, 6, 5]"
12a_1161,"[8, 7, 0, 11, 10, 9, 2, 1, 3, 5, 4, 6]"
12a_1162,"[8, 7, 0, 10, 11, 9, 2, 1, 6, 3, 4, 5]"
12a_1164,"[8, 7, 0, 11, 10, 9, 2, 1, 5, 6, 3, 4]"
12a_1166,"[8, 7, 0, 11, 10, 9, 2, 1, 6, 5, 4, 3]"
12a_1170,"[8, 5, 0, 9, 10, 2, 11, 3, 1, 4, 7, 6]"
12a_1173,"[9, 6, 0, 8, 10, 2, 11, 4, 1, 3, 7, 5]"
12a_1177,"[8, 6, 0, 9, 11, 10, 2, 3, 1, 4, 5, 7]"
12a_1180,"[8, 6, 0, 11, 9, 10, 2, 4, 1, 5, 7, 3]"
12a_1181,"[8, 6, 0, 11, 10, 9, 2, 4, 1, 5, 7, 3]"
12a_1184,"[4, 5, 0, 9, 8, 10, 11, 2, 1, 3, 6, 7]"
12a_1187,"[4, 5, 0, 7, 9, 10, 3, 11, 1, 2, 8, 6]"
12a_1189,"[6, 5, 0, 8, 10, 9, 3, 11, 1, 2, 4, 7]"
12a_1190,"[6, 5, 0, 7, 10, 9, 3, 11, 1, 2, 8, 4]"
12a_1191,"[4, 5, 0, 8, 9, 10, 11, 3, 1, 2, 6, 7]"
12a_1196,"[5, 6, 0, 7, 8, 9, 10, 11, 1, 2, 4, 3]"
12a_1197,"[6, 4, 0, 8, 9, 10, 3, 11, 1, 5, 2, 7]"
12a_1200,"[4, 6, 0, 8, 10, 9, 11, 3, 1, 5, 2, 7]"
12a_1201,"[7, 5, 0, 8, 11, 9, 10, 3, 1, 6, 2, 4]"
12a_1207,"[4, 5, 0, 7, 9, 10, 11, 3, 2, 1, 6, 8]"
12a_1210,"[9, 5, 10, 0, 1, 2, 3, 11, 4, 6, 7, 8]"
12a_1212,"[8, 9, 10, 0, 1, 2, 11, 3, 4, 5, 6, 7]"
12a_1214,"[4, 5, 9, 0, 1, 2, 10, 11, 3, 6, 7, 8]"
12a_1215,"[4, 9, 6, 0, 1, 2, 10, 11, 3, 5, 7, 8]"
12a_1216,"[8, 10, 9, 0, 1, 2, 11, 4, 3, 5, 6, 7]"
12a_1217,"[8, 10, 9, 0, 1, 2, 11, 4, 3, 5, 7, 6]"
12a_1219,"[4, 9, 6, 0, 1, 2, 10, 11, 5, 3, 7, 8]"
12a_1221,"[4, 9, 7, 0, 1, 2, 10, 11, 5, 6, 3, 8]"
12a_1224,"[4, 9, 7, 0, 1, 10, 2, 11, 3, 6, 5, 8]"
12a_1225,"[9, 5, 7, 0, 1, 10, 2, 11, 3, 4, 6, 8]"
12a_1226,"[4, 10, 7, 0, 1, 9, 2, 11, 5, 6, 3, 8]"
12a_1237,"[9, 8, 6, 0, 1, 10, 11, 2, 4, 5, 3, 7]"
12a_1239,"[9, 7, 8, 0, 1, 11, 10, 2, 4, 5, 6, 3]"
12a_1247,"[4, 9, 7, 0, 1, 11, 10, 3, 5, 2, 6, 8]"
12a_1248,"[8, 9, 6, 0, 1, 10, 11, 4, 5, 2, 3, 7]"
12a_1252,"[5, 9, 7, 0, 10, 1, 2, 11, 3, 6, 4, 8]"
12a_1253,"[5, 10, 7, 0, 9, 1, 2, 11, 4, 6, 3, 8]"
12a_1255,"[8, 10, 7, 0, 9, 1, 2, 11, 4, 5, 6, 3]"
12a_1260,"[9, 6, 8, 0, 10, 1, 11, 2, 3, 4, 5, 7]"
12a_1261,"[5, 9, 8, 0, 10, 1, 11, 2, 3, 6, 4, 7]"
12a_1262,"[9, 6, 8, 0, 10, 1, 11, 2, 3, 5, 4, 7]"
12a_1265,"[4, 10, 8, 0, 9, 1, 11, 3, 2, 5, 7, 6]"
12a_1266,"[5, 9, 8, 0, 10, 1, 11, 3, 2, 6, 4, 7]"
12a_1270,"[8, 9, 6, 0, 10, 1, 11, 3, 5, 2, 4, 7]"
12a_1272,"[7, 10, 8, 0, 9, 2, 1, 11, 4, 5, 6, 3]"
12a_1276,"[9, 7, 8, 0, 11, 10, 1, 2, 3, 6, 4, 5]"
12a_1282,"[9, 8, 7, 0, 11, 10, 3, 1, 2, 6, 5, 4]"
12a_1283,"[8, 9, 7, 0, 10, 11, 2, 3, 1, 4, 5, 6]"
12a_1284,"[8, 9, 7, 0, 11, 10, 2, 3, 1, 4, 5, 6]"
12a_1285,"[8, 9, 7, 0, 11, 10, 2, 3, 1, 6, 4, 5]"
12a_1286,"[8, 9, 7, 0, 11, 10, 2, 3, 1, 6, 5, 4]"
12a_1288,"[5, 9, 10, 8, 0, 1, 11, 3, 4, 2, 6, 7]"
12n_0001,"[4, 0, 7, 1, 2, 9, 3, 5, 11, 6, 8, 10]"
12n_0004,"[4, 0, 7, 1, 2, 9, 3, 5, 11, 6, 8, 10]"
12n_0005,"[4, 0, 7, 1, 2, 9, 3, 5, 11, 6, 8, 10]"
12n_0006,"[4, 0, 7, 1, 2, 9, 3, 5, 11, 6, 8, 10]"
12n_0007,"[4, 0, 7, 1, 2, 10, 3, 5, 11, 6, 8, 9]"
12n_0010,"[4, 0, 7, 1, 2, 10, 3, 5, 11, 6, 8, 9]"
12n_0015,"[4, 0, 6, 1, 2, 9, 3, 11, 5, 7, 8, 10]"
12n_0016,"[4, 0, 6, 1, 2, 9, 3, 11, 5, 7, 8, 10]"
12n_0022,"[4, 0, 7, 1, 2, 11, 3, 10, 5, 6, 8, 9]"
12n_0023,"[4, 0, 7, 1, 2, 11, 3, 10, 5, 6, 8, 9]"
12n_0027,"[4, 0, 7, 1, 2, 11, 3, 10, 6, 5, 8, 9]"
12n_0028,"[4, 0, 7, 1, 2, 11, 3, 10, 6, 5, 8, 9]"
12n_0030,"[4, 0, 7, 1, 2, 8, 3, 10, 11, 5, 6, 9]"
12n_0031,"[4, 0, 7, 1, 2, 8, 3, 10, 11, 5, 6, 9]"
12n_0033,"[4, 0, 7, 1, 2, 8, 3, 10, 11, 6, 5, 9]"
12n_0034,"[4, 0, 7, 1, 2, 8, 3, 10, 11, 6, 5, 9]"
12n_0035,"[4, 0, 7, 1, 2, 10, 11, 3, 5, 6, 9, 8]"
12n_0039,"[4, 0, 7, 1, 2, 11, 10, 3, 5, 6, 9, 8]"
12n_0040,"[4, 0, 7, 1, 2, 11, 10, 3, 5, 6, 9, 8]"
12n_0043,"[4, 0, 8, 1, 2, 11, 10, 3, 5, 6, 7, 9]"
12n_0044,"[4, 0, 8, 1, 2, 11, 10, 3, 5, 6, 7, 9]"
12n_0049,"[4, 0, 8, 1, 2, 9, 11, 3, 6, 5, 7, 10]"
12n_0050,"[4, 0, 8, 1, 2, 9, 11, 3, 6, 5, 7, 10]"
12n_0051,"[4, 0, 8, 1, 2, 9, 11, 3, 6, 5, 7, 10]"
12n_0052,"[4, 0, 8, 1, 2, 9, 11, 3, 6, 5, 7, 10]"
12n_0053,"[4, 0, 8, 1, 2, 9, 11, 3, 6, 5, 7, 10]"
12n_0055,"[4, 0, 7, 1, 2, 11, 9, 3, 6, 8, 5, 10]"
12n_0056,"[4, 0, 7, 1, 2, 11, 9, 3, 6, 8, 5, 10]"
12n_0057,"[4, 0, 7, 1, 2, 11, 9, 3, 6, 8, 5, 10]"
12n_0058,"[4, 0, 7, 1, 2, 11, 9, 3, 6, 8, 5, 10]"
12n_0059,"[4, 0, 7, 1, 2, 11, 9, 3, 6, 8, 5, 10]"
12n_0060,"[4, 0, 7, 1, 2, 11, 9, 3, 6, 8, 5, 10]"
12n_0061,"[4, 0, 7, 1, 2, 11, 9, 3, 6, 8, 5, 10]"
12n_0062,"[4, 0, 8, 1, 2, 11, 9, 3, 6, 7, 5, 10]"
12n_0063,"[4, 0, 8, 1, 2, 11, 9, 3, 6, 7, 5, 10]"
12n_0064,"[4, 0, 8, 1, 2, 11, 9, 3, 6, 7, 5, 10]"
12n_0066,"[4, 0, 8, 1, 2, 11, 9, 3, 10, 7, 5, 6]"
12n_0067,"[4, 0, 8, 1, 2, 11, 9, 10, 3, 7, 5, 6]"
12n_0083,"[3, 0, 5, 1, 8, 2, 10, 4, 6, 11, 7, 9]"
12n_0084,"[3, 0, 5, 1, 8, 2, 10, 4, 6, 11, 7, 9]"
12n_0098,"[3, 0, 6, 1, 11, 2, 10, 4, 5, 7, 9, 8]"
12n_0099,"[3, 0, 6, 1, 11, 2, 10, 4, 5, 7, 9, 8]"
12n_0100,"[3, 0, 6, 1, 9, 2, 10, 4, 11, 7, 5, 8]"
12n_0101,"[3, 0, 6, 1, 9, 2, 10, 4, 11, 7, 5, 8]"
12n_0102,"[3, 0, 6, 1, 9, 2, 10, 4, 11, 7, 5, 8]"
12n_0106,"[3, 0, 5, 1, 8, 2, 10, 11, 4, 6, 7, 9]"
12n_0107,"[3, 0, 5, 1, 8, 2, 10, 11, 4, 6, 7, 9]"
12n_0108,"[3, 0, 5, 1, 8, 2, 11, 10, 4, 6, 7, 9]"
12n_0109,"[3, 0, 5, 1, 8, 2, 11, 10, 4, 6, 7, 9]"
12n_0110,"[3, 0, 5, 1, 8, 2, 11, 10, 4, 6, 7, 9]"
12n_0125,"[3, 0, 6, 1, 7, 2, 9, 11, 4, 5, 8, 10]"
12n_0126,"[3, 0, 6, 1, 7, 2, 9, 11, 4, 5, 8, 10]"
12n_0139,"[3, 0, 6, 1, 9, 2, 10, 5, 11, 7, 4, 8]"
12n_0140,"[3, 0, 6, 1, 9, 2, 10, 5, 11, 7, 4, 8]"
12n_0141,"[3, 0, 6, 1, 9, 2, 10, 5, 11, 7, 4, 8]"
12n_0144,"[4, 0, 10, 1, 9, 2, 11, 3, 5, 8, 6, 7]"
12n_0147,"[4, 0, 7, 1, 8, 2, 11, 9, 5, 3, 6, 10]"
12n_0150,"[3, 0, 7, 1, 11, 10, 2, 4, 5, 6, 9, 8]"
12n_0151,"[3, 0, 7, 1, 11, 10, 2, 4, 5, 6, 9, 8]"
12n_0152,"[3, 0, 7, 1, 11, 10, 2, 4, 5, 6, 9, 8]"
12n_0156,"[3, 0, 7, 1, 9, 11, 2, 4, 5, 8, 6, 10]"
12n_0157,"[3, 0, 7, 1, 9, 11, 2, 4, 5, 8, 6, 10]"
12n_0158,"[3, 0, 7, 1, 9, 11, 2, 4, 5, 8, 6, 10]"
12n_0169,"[3, 0, 7, 1, 10, 9, 2, 4, 11, 5, 6, 8]"
12n_0170,"[3, 0, 7, 1, 10, 9, 2, 4, 11, 5, 6, 8]"
12n_0171,"[3, 0, 7, 1, 10, 9, 2, 4, 11, 5, 6, 8]"
12n_0173,"[3, 0, 6, 1, 11, 10, 2, 5, 4, 7, 8, 9]"
12n_0174,"[3, 0, 6, 1, 11, 10, 2, 5, 4, 7, 8, 9]"
12n_0175,"[3, 0, 6, 1, 11, 10, 2, 5, 4, 7, 8, 9]"
12n_0176,"[3, 0, 6, 1, 11, 10, 2, 5, 4, 7, 8, 9]"
12n_0198,"[3, 0, 6, 1, 10, 8, 2, 11, 4, 5, 9, 7]"
12n_0200,"[3, 0, 6, 1, 10, 9, 2, 11, 4, 5, 8, 7]"
12n_0201,"[3, 0, 6, 1, 8, 10, 2, 11, 4, 7, 5, 9]"
12n_0202,"[3, 0, 6, 1, 8, 10, 2, 11, 4, 7, 5, 9]"
12n_0203,"[3, 0, 6, 1, 8, 10, 2, 11, 4, 7, 5, 9]"
12n_0204,"[3, 0, 6, 1, 8, 10, 2, 11, 4, 7, 5, 9]"
12n_0211,"[3, 0, 6, 1, 8, 10, 2, 9, 4, 11, 5, 7]"
12n_0219,"[3, 0, 7, 1, 11, 8, 2, 9, 6, 4, 5, 10]"
12n_0220,"[3, 0, 7, 1, 11, 8, 2, 9, 6, 4, 5, 10]"
12n_0221,"[3, 0, 7, 1, 11, 8, 2, 9, 6, 4, 5, 10]"
12n_0222,"[3, 0, 7, 1, 11, 8, 2, 9, 6, 4, 5, 10]"
12n_0223,"[3, 0, 7, 1, 11, 8, 2, 9, 6, 4, 5, 10]"
12n_0224,"[3, 0, 6, 1, 10, 8, 2, 5, 7, 11, 4, 9]"
12n_0225,"[3, 0, 6, 1, 10, 8, 2, 5, 7, 11, 4, 9]"
12n_0229,"[3, 0, 7, 1, 10, 8, 2, 5, 6, 11, 4, 9]"
12n_0245,"[3, 0, 8, 1, 10, 9, 11, 2, 4, 5, 7, 6]"
12n_0246,"[3, 0, 8, 1, 10, 9, 11, 2, 4, 5, 7, 6]"
12n_0247,"[3, 0, 8, 1, 10, 9, 11, 2, 4, 5, 7, 6]"
12n_0258,"[3, 0, 7, 1, 11, 8, 10, 2, 5, 4, 6, 9]"
12n_0260,"[3, 0, 7, 1, 9, 11, 10, 2, 5, 4, 6, 8]"
12n_0261,"[3, 0, 7, 1, 11, 8, 9, 2, 6, 4, 5, 10]"
12n_0265,"[3, 0, 7, 1, 9, 8, 10, 2, 11, 4, 6, 5]"
12n_0266,"[3, 0, 7, 1, 9, 8, 10, 2, 11, 4, 6, 5]"
12n_0267,"[3, 0, 7, 1, 9, 8, 10, 2, 11, 4, 6, 5]"
12n_0268,"[4, 0, 8, 1, 3, 9, 11, 2, 6, 5, 7, 10]"
12n_0269,"[4, 0, 8, 1, 3, 9, 11, 2, 6, 5, 7, 10]"
12n_0270,"[4, 0, 8, 1, 3, 9, 11, 2, 6, 5, 7, 10]"
12n_0280,"[5, 0, 10, 9, 1, 2, 3, 4, 11, 7, 6, 8]"
12n_0282,"[5, 0, 10, 9, 1, 2, 3, 4, 11, 7, 6, 8]"
12n_0283,"[5, 0, 10, 9, 1, 2, 3, 4, 11, 7, 6, 8]"
12n_0284,"[5, 0, 8, 11, 1, 2, 3, 10, 6, 4, 7, 9]"
12n_0285,"[5, 0, 8, 11, 1, 2, 3, 10, 6, 4, 7, 9]"
12n_0286,"[5, 0, 8, 11, 1, 2, 3, 10, 6, 4, 7, 9]"
12n_0287,"[5, 0, 8, 11, 1, 2, 3, 10, 6, 4, 7, 9]"
12n_0290,"[4, 0, 7, 5, 1, 2, 10, 3, 11, 6, 8, 9]"
12n_0291,"[4, 0, 7, 5, 1, 2, 10, 3, 11, 6, 8, 9]"
12n_0294,"[5, 0, 9, 8, 1, 2, 11, 3, 4, 6, 7, 10]"
12n_0302,"[5, 0, 9, 7, 1, 2, 10, 3, 11, 4, 8, 6]"
12n_0308,"[4, 0, 8, 5, 1, 2, 11, 10, 3, 6, 7, 9]"
12n_0310,"[4, 0, 9, 5, 1, 2, 11, 10, 3, 6, 7, 8]"
12n_0311,"[5, 0, 10, 8, 1, 2, 9, 11, 3, 6, 4, 7]"
12n_0329,"[5, 0, 6, 9, 1, 3, 2, 11, 10, 4, 7, 8]"
12n_0330,"[5, 0, 6, 9, 1, 3, 2, 11, 10, 4, 7, 8]"
12n_0331,"[5, 0, 6, 9, 1, 3, 2, 11, 10, 4, 7, 8]"
12n_0332,"[5, 0, 6, 9, 1, 3, 2, 11, 10, 4, 8, 7]"
12n_0333,"[5, 0, 6, 9, 1, 3, 2, 11, 10, 4, 8, 7]"
12n_0334,"[5, 0, 6, 9, 1, 3, 2, 11, 10, 4, 8, 7]"
12n_0357,"[5, 0, 11, 10, 1, 9, 2, 3, 6, 4, 8, 7]"
12n_0359,"[5, 0, 11, 10, 1, 9, 2, 3, 6, 4, 8, 7]"
12n_0363,"[5, 0, 8, 11, 1, 10, 2, 3, 7, 4, 6, 9]"
12n_0364,"[5, 0, 9, 11, 1, 8, 2, 3, 6, 7, 4, 10]"
12n_0365,"[5, 0, 9, 11, 1, 8, 2, 3, 6, 7, 4, 10]"
12n_0368,"[4, 0, 6, 9, 1, 8, 2, 11, 3, 5, 7, 10]"
12n_0369,"[4, 0, 6, 9, 1, 8, 2, 11, 3, 5, 7, 10]"
12n_0375,"[4, 0, 7, 9, 1, 10, 2, 11, 3, 5, 8, 6]"
12n_0377,"[4, 0, 7, 9, 1, 10, 2, 11, 3, 5, 8, 6]"
12n_0379,"[4, 0, 8, 6, 1, 11, 2, 9, 3, 7, 5, 10]"
12n_0380,"[4, 0, 8, 6, 1, 11, 2, 9, 3, 7, 5, 10]"
12n_0383,"[4, 0, 9, 6, 1, 10, 2, 11, 3, 8, 5, 7]"
12n_0386,"[4, 0, 7, 9, 1, 11, 2, 10, 3, 8, 5, 6]"
12n_0387,"[4, 0, 9, 7, 1, 11, 2, 10, 3, 8, 5, 6]"
12n_0388,"[4, 0, 9, 7, 1, 11, 2, 10, 3, 8, 5, 6]"
12n_0389,"[4, 0, 9, 7, 1, 11, 2, 10, 3, 8, 5, 6]"
12n_0392,"[5, 0, 11, 8, 1, 10, 2, 4, 3, 6, 9, 7]"
12n_0398,"[5, 0, 11, 9, 1, 10, 2, 4, 3, 8, 6, 7]"
12n_0399,"[5, 0, 11, 9, 1, 10, 2, 4, 3, 8, 6, 7]"
12n_0401,"[5, 0, 11, 9, 1, 10, 2, 4, 3, 8, 6, 7]"
12n_0402,"[5, 0, 8, 9, 1, 10, 2, 11, 3, 6, 4, 7]"
12n_0403,"[5, 0, 8, 9, 1, 10, 2, 11, 3, 6, 4, 7]"
12n_0404,"[5, 0, 9, 8, 1, 10, 2, 11, 3, 6, 4, 7]"
12n_0409,"[4, 0, 6, 9, 1, 10, 2, 11, 5, 3, 7, 8]"
12n_0410,"[4, 0, 6, 9, 1, 10, 2, 11, 5, 3, 7, 8]"
12n_0412,"[4, 0, 10, 6, 1, 9, 2, 11, 5, 3, 7, 8]"
12n_0413,"[4, 0, 10, 6, 1, 9, 2, 11, 5, 3, 7, 8]"
12n_0419,"[4, 0, 11, 8, 1, 9, 2, 10, 5, 3, 7, 6]"
12n_0420,"[4, 0, 11, 8, 1, 9, 2, 10, 5, 3, 7, 6]"
12n_0421,"[5, 0, 6, 11, 1, 7, 2, 10, 4, 3, 8, 9]"
12n_0422,"[5, 0, 6, 11, 1, 7, 2, 10, 4, 3, 8, 9]"
12n_0423,"[5, 0, 6, 11, 1, 7, 2, 10, 4, 3, 8, 9]"
12n_0425,"[4, 0, 10, 6, 1, 8, 2, 11, 5, 7, 3, 9]"
12n_0426,"[4, 0, 10, 6, 1, 8, 2, 11, 5, 7, 3, 9]"
12n_0435,"[5, 0, 7, 9, 1, 10, 2, 11, 4, 8, 6, 3]"
12n_0438,"[4, 0, 11, 9, 1, 3, 10, 2, 5, 6, 7, 8]"
12n_0439,"[4, 0, 11, 9, 1, 3, 10, 2, 5, 6, 7, 8]"
12n_0440,"[4, 0, 11, 9, 1, 3, 10, 2, 5, 6, 7, 8]"
12n_0441,"[4, 0, 11, 9, 1, 3, 10, 2, 5, 6, 7, 8]"
12n_0442,"[4, 0, 11, 9, 1, 3, 10, 2, 5, 7, 6, 8]"
12n_0443,"[4, 0, 11, 9, 1, 3, 10, 2, 5, 7, 6, 8]"
12n_0444,"[4, 0, 11, 9, 1, 3, 10, 2, 5, 7, 6, 8]"
12n_0445,"[4, 0, 11, 9, 1, 3, 10, 2, 5, 7, 6, 8]"
12n_0458,"[4, 0, 10, 9, 1, 11, 3, 2, 6, 7, 8, 5]"
12n_0459,"[4, 0, 10, 9, 1, 8, 3, 2, 11, 7, 6, 5]"
12n_0460,"[5, 0, 9, 10, 1, 4, 3, 2, 11, 7, 6, 8]"
12n_0464,"[5, 0, 11, 9, 1, 10, 3, 2, 6, 4, 8, 7]"
12n_0480,"[5, 0, 8, 11, 1, 10, 4, 2, 3, 6, 9, 7]"
12n_0483,"[5, 0, 11, 6, 1, 10, 9, 2, 3, 4, 8, 7]"
12n_0484,"[4, 0, 11, 6, 1, 9, 10, 2, 5, 3, 7, 8]"
12n_0491,"[4, 0, 10, 7, 1, 11, 9, 2, 5, 3, 6, 8]"
12n_0493,"[4, 0, 10, 8, 1, 9, 11, 2, 5, 3, 7, 6]"
12n_0494,"[4, 0, 7, 9, 1, 11, 8, 2, 10, 3, 5, 6]"
12n_0495,"[4, 0, 7, 9, 1, 11, 8, 2, 10, 3, 5, 6]"
12n_0496,"[4, 0, 7, 9, 1, 11, 8, 2, 10, 3, 5, 6]"
12n_0497,"[4, 0, 7, 9, 1, 11, 10, 2, 6, 3, 8, 5]"
12n_0499,"[4, 0, 6, 9, 1, 11, 10, 2, 5, 7, 3, 8]"
12n_0500,"[4, 0, 11, 7, 1, 9, 10, 2, 5, 6, 3, 8]"
12n_0502,"[4, 0, 11, 8, 1, 9, 10, 2, 5, 6, 3, 7]"
12n_0505,"[5, 0, 10, 8, 1, 4, 11, 2, 6, 7, 3, 9]"
12n_0507,"[5, 0, 10, 6, 1, 8, 11, 2, 4, 7, 3, 9]"
12n_0508,"[4, 0, 11, 7, 1, 3, 10, 5, 2, 6, 9, 8]"
12n_0518,"[4, 0, 9, 7, 1, 11, 3, 6, 2, 8, 5, 10]"
12n_0525,"[5, 0, 8, 11, 1, 10, 4, 3, 2, 6, 9, 7]"
12n_0527,"[5, 0, 11, 6, 1, 8, 10, 4, 2, 7, 3, 9]"
12n_0533,"[4, 0, 11, 6, 1, 8, 10, 3, 5, 2, 7, 9]"
12n_0535,"[5, 0, 10, 11, 1, 9, 4, 3, 6, 2, 8, 7]"
12n_0536,"[5, 0, 10, 11, 1, 9, 4, 3, 6, 2, 8, 7]"
12n_0543,"[4, 0, 10, 6, 1, 9, 3, 11, 5, 7, 2, 8]"
12n_0546,"[5, 0, 8, 9, 1, 10, 4, 11, 3, 6, 2, 7]"
12n_0547,"[5, 0, 9, 8, 1, 10, 4, 11, 3, 6, 2, 7]"
12n_0549,"[5, 0, 10, 11, 6, 1, 2, 3, 4, 7, 8, 9]"
12n_0550,"[6, 0, 11, 8, 10, 1, 2, 4, 3, 5, 9, 7]"
12n_0551,"[6, 0, 9, 11, 10, 1, 2, 4, 3, 5, 8, 7]"
12n_0552,"[6, 0, 9, 7, 10, 1, 2, 11, 3, 5, 8, 4]"
12n_0553,"[6, 0, 7, 9, 11, 1, 3, 2, 4, 8, 5, 10]"
12n_0554,"[6, 0, 7, 9, 11, 1, 3, 2, 4, 8, 5, 10]"
12n_0555,"[6, 0, 7, 9, 11, 1, 3, 2, 4, 8, 5, 10]"
12n_0556,"[6, 0, 7, 9, 11, 1, 3, 2, 4, 8, 5, 10]"
12n_0564,"[6, 0, 7, 11, 10, 1, 3, 2, 5, 4, 9, 8]"
12n_0565,"[6, 0, 7, 9, 10, 1, 3, 2, 11, 4, 5, 8]"
12n_0566,"[6, 0, 7, 10, 9, 1, 3, 2, 11, 4, 5, 8]"
12n_0567,"[5, 0, 11, 9, 10, 1, 4, 2, 3, 6, 7, 8]"
12n_0570,"[5, 0, 8, 9, 7, 1, 11, 2, 3, 4, 6, 10]"
12n_0571,"[5, 0, 8, 9, 7, 1, 11, 2, 3, 4, 6, 10]"
12n_0572,"[5, 0, 9, 8, 7, 1, 11, 2, 3, 4, 6, 10]"
12n_0573,"[5, 0, 9, 8, 7, 1, 11, 2, 3, 4, 6, 10]"
12n_0574,"[5, 0, 8, 9, 10, 1, 11, 2, 3, 4, 6, 7]"
12n_0575,"[5, 0, 8, 10, 9, 1, 11, 2, 3, 4, 6, 7]"
12n_0576,"[5, 0, 10, 9, 8, 1, 11, 2, 3, 4, 6, 7]"
12n_0577,"[5, 0, 10, 9, 8, 1, 11, 2, 3, 4, 6, 7]"
12n_0578,"[5, 0, 10, 9, 8, 1, 11, 2, 3, 4, 6, 7]"
12n_0579,"[6, 0, 9, 7, 10, 1, 4, 2, 11, 3, 5, 8]"
12n_0581,"[5, 0, 10, 9, 8, 1, 11, 2, 4, 3, 6, 7]"
12n_0582,"[5, 0, 10, 9, 8, 1, 11, 2, 4, 3, 6, 7]"
12n_0583,"[5, 0, 10, 9, 8, 1, 11, 2, 4, 3, 6, 7]"
12n_0587,"[5, 0, 9, 11, 8, 1, 10, 2, 4, 7, 3, 6]"
12n_0597,"[5, 0, 11, 7, 8, 1, 3, 10, 2, 6, 4, 9]"
12n_0598,"[5, 0, 11, 10, 6, 1, 4, 3, 2, 7, 8, 9]"
12n_0600,"[5, 0, 8, 10, 9, 1, 11, 3, 2, 4, 6, 7]"
12n_0601,"[5, 0, 8, 10, 9, 1, 11, 3, 2, 4, 6, 7]"
12n_0602,"[5, 0, 8, 10, 9, 1, 11, 3, 2, 4, 6, 7]"
12n_0603,"[5, 0, 11, 7, 9, 1, 10, 3, 2, 6, 4, 8]"
12n_0604,"[5, 0, 9, 7, 8, 1, 11, 4, 2, 3, 6, 10]"
12n_0605,"[5, 0, 9, 7, 8, 1, 11, 4, 2, 3, 6, 10]"
12n_0611,"[5, 0, 8, 6, 9, 1, 11, 10, 2, 4, 7, 3]"
12n_0613,"[6, 0, 10, 11, 2, 9, 1, 4, 3, 5, 8, 7]"
12n_0615,"[7, 0, 10, 11, 2, 9, 1, 4, 3, 5, 8, 6]"
12n_0622,"[7, 0, 11, 9, 2, 10, 1, 5, 3, 6, 8, 4]"
12n_0626,"[7, 0, 11, 9, 2, 8, 1, 10, 3, 6, 5, 4]"
12n_0627,"[6, 0, 9, 11, 2, 8, 1, 10, 5, 3, 7, 4]"
12n_0628,"[7, 0, 8, 10, 2, 11, 1, 4, 5, 6, 3, 9]"
12n_0629,"[7, 0, 8, 10, 2, 11, 1, 4, 5, 6, 3, 9]"
12n_0630,"[7, 0, 8, 10, 2, 11, 1, 4, 5, 6, 3, 9]"
12n_0631,"[7, 0, 8, 10, 2, 11, 1, 4, 5, 6, 3, 9]"
12n_0632,"[7, 0, 8, 10, 2, 11, 1, 4, 5, 6, 3, 9]"
12n_0636,"[7, 0, 9, 8, 2, 10, 1, 6, 11, 5, 3, 4]"
12n_0637,"[7, 0, 10, 9, 8, 3, 1, 2, 11, 6, 5, 4]"
12n_0638,"[6, 0, 10, 11, 9, 7, 1, 2, 3, 5, 8, 4]"
12n_0640,"[6, 0, 11, 7, 10, 9, 1, 3, 2, 4, 5, 8]"
12n_0641,"[6, 0, 11, 7, 10, 9, 1, 3, 2, 4, 5, 8]"
12n_0642,"[7, 0, 8, 10, 9, 11, 1, 3, 2, 4, 6, 5]"
12n_0653,"[6, 0, 10, 11, 7, 9, 1, 4, 2, 5, 3, 8]"
12n_0654,"[6, 0, 11, 10, 7, 9, 1, 4, 2, 5, 3, 8]"
12n_0655,"[6, 0, 11, 10, 7, 9, 1, 4, 2, 5, 3, 8]"
12n_0656,"[6, 0, 11, 10, 7, 9, 1, 4, 2, 5, 3, 8]"
12n_0657,"[6, 0, 8, 11, 7, 9, 1, 10, 2, 5, 3, 4]"
12n_0660,"[7, 0, 9, 11, 8, 10, 1, 5, 2, 4, 6, 3]"
12n_0664,"[7, 0, 5, 8, 9, 10, 1, 6, 11, 2, 3, 4]"
12n_0665,"[7, 6, 0, 1, 2, 10, 4, 3, 11, 5, 8, 9]"
12n_0666,"[8, 9, 0, 1, 2, 10, 11, 3, 4, 5, 6, 7]"
12n_0667,"[8, 9, 0, 1, 2, 11, 10, 3, 4, 5, 6, 7]"
12n_0668,"[8, 9, 0, 1, 2, 11, 10, 3, 4, 7, 5, 6]"
12n_0669,"[8, 9, 0, 1, 2, 11, 10, 3, 4, 7, 6, 5]"
12n_0672,"[3, 6, 0, 1, 9, 2, 10, 4, 11, 7, 5, 8]"
12n_0674,"[3, 5, 0, 1, 8, 2, 10, 11, 4, 6, 7, 9]"
12n_0675,"[3, 5, 0, 1, 8, 2, 10, 11, 4, 6, 7, 9]"
12n_0676,"[3, 5, 0, 1, 8, 2, 11, 10, 4, 6, 7, 9]"
12n_0690,"[3, 6, 0, 1, 8, 10, 2, 11, 4, 7, 5, 9]"
12n_0697,"[3, 7, 0, 1, 9, 8, 10, 2, 11, 4, 6, 5]"
12n_0700,"[10, 6, 0, 1, 9, 8, 11, 2, 4, 5, 3, 7]"
12n_0701,"[10, 6, 0, 1, 9, 8, 11, 2, 5, 4, 3, 7]"
12n_0717,"[8, 9, 0, 11, 1, 2, 10, 3, 5, 6, 4, 7]"
12n_0726,"[5, 4, 0, 8, 1, 2, 11, 10, 3, 6, 7, 9]"
12n_0737,"[8, 9, 0, 7, 1, 2, 10, 11, 5, 6, 4, 3]"
12n_0738,"[7, 5, 0, 9, 1, 10, 2, 3, 11, 4, 6, 8]"
12n_0740,"[7, 5, 0, 9, 1, 10, 2, 3, 11, 4, 6, 8]"
12n_0744,"[8, 10, 0, 11, 1, 9, 2, 3, 6, 5, 4, 7]"
12n_0750,"[4, 6, 0, 9, 1, 10, 2, 11, 3, 5, 7, 8]"
12n_0751,"[4, 6, 0, 9, 1, 10, 2, 11, 3, 5, 7, 8]"
12n_0752,"[4, 6, 0, 9, 1, 10, 2, 11, 3, 5, 8, 7]"
12n_0753,"[4, 6, 0, 8, 1, 10, 2, 11, 3, 7, 5, 9]"
12n_0754,"[6, 4, 0, 10, 1, 9, 2, 11, 3, 5, 7, 8]"
12n_0756,"[6, 4, 0, 10, 1, 9, 2, 11, 3, 5, 8, 7]"
12n_0759,"[8, 10, 0, 7, 1, 9, 2, 11, 6, 5, 4, 3]"
12n_0762,"[5, 7, 0, 10, 1, 3, 9, 2, 11, 4, 6, 8]"
12n_0767,"[8, 5, 0, 9, 1, 10, 11, 2, 3, 4, 6, 7]"
12n_0769,"[8, 5, 0, 10, 1, 11, 9, 2, 3, 6, 4, 7]"
12n_0770,"[8, 5, 0, 10, 1, 11, 9, 2, 3, 6, 4, 7]"
12n_0774,"[8, 5, 0, 9, 1, 11, 10, 2, 4, 3, 6, 7]"
12n_0779,"[4, 8, 0, 10, 1, 9, 11, 2, 6, 5, 3, 7]"
12n_0780,"[7, 5, 0, 10, 1, 9, 4, 2, 11, 6, 3, 8]"
12n_0781,"[7, 5, 0, 10, 1, 9, 4, 2, 11, 6, 3, 8]"
12n_0782,"[8, 5, 0, 10, 1, 9, 11, 2, 4, 6, 3, 7]"
12n_0784,"[5, 7, 0, 6, 1, 10, 9, 2, 11, 4, 3, 8]"
12n_0791,"[4, 8, 0, 6, 1, 10, 3, 11, 2, 7, 5, 9]"
12n_0799,"[9, 5, 0, 7, 1, 11, 4, 10, 2, 3, 6, 8]"
12n_0803,"[4, 8, 0, 10, 1, 9, 11, 5, 2, 7, 3, 6]"
12n_0806,"[5, 10, 0, 8, 1, 3, 11, 4, 6, 2, 7, 9]"
12n_0807,"[5, 10, 0, 8, 1, 3, 11, 4, 6, 2, 7, 9]"
12n_0809,"[5, 10, 0, 8, 1, 3, 11, 4, 6, 2, 7, 9]"
12n_0811,"[5, 10, 0, 8, 1, 3, 9, 4, 11, 2, 7, 6]"
12n_0812,"[5, 10, 0, 8, 1, 3, 9, 4, 11, 2, 7, 6]"
12n_0813,"[5, 10, 0, 8, 1, 3, 9, 4, 11, 2, 7, 6]"
12n_0823,"[4, 9, 0, 8, 1, 11, 10, 3, 5, 2, 6, 7]"
12n_0825,"[4, 9, 0, 8, 1, 11, 10, 3, 5, 2, 6, 7]"
12n_0826,"[4, 10, 0, 7, 1, 9, 11, 3, 6, 2, 5, 8]"
12n_0831,"[4, 10, 0, 8, 1, 9, 11, 3, 5, 6, 2, 7]"
12n_0832,"[4, 10, 0, 8, 1, 9, 11, 3, 6, 5, 2, 7]"
12n_0833,"[10, 5, 0, 8, 1, 9, 11, 3, 6, 4, 2, 7]"
12n_0836,"[4, 10, 0, 8, 1, 9, 11, 5, 3, 7, 2, 6]"
12n_0841,"[8, 7, 0, 11, 2, 1, 10, 5, 3, 4, 6, 9]"
12n_0843,"[10, 9, 0, 7, 2, 1, 4, 11, 6, 5, 8, 3]"
12n_0844,"[10, 9, 0, 7, 2, 1, 4, 11, 6, 5, 8, 3]"
12n_0845,"[8, 9, 0, 11, 10, 1, 2, 3, 6, 4, 5, 7]"
12n_0846,"[8, 9, 0, 11, 10, 1, 2, 3, 6, 5, 4, 7]"
12n_0847,"[8, 9, 0, 11, 10, 1, 2, 3, 6, 5, 4, 7]"
12n_0850,"[6, 8, 0, 9, 10, 1, 3, 2, 11, 4, 5, 7]"
12n_0858,"[8, 5, 0, 7, 10, 1, 9, 2, 11, 4, 6, 3]"
12n_0865,"[6, 8, 0, 9, 10, 1, 11, 5, 2, 4, 7, 3]"
12n_0866,"[6, 8, 0, 9, 7, 1, 11, 10, 2, 4, 5, 3]"
12n_0868,"[10, 5, 0, 9, 8, 1, 4, 11, 6, 3, 2, 7]"
12n_0869,"[10, 5, 0, 9, 8, 1, 4, 11, 6, 3, 2, 7]"
12n_0874,"[5, 7, 0, 10, 2, 9, 1, 11, 6, 3, 8, 4]"
12n_0875,"[9, 7, 0, 8, 11, 10, 1, 4, 2, 5, 6, 3]"
12n_0876,"[9, 7, 0, 8, 11, 10, 1, 4, 2, 6, 5, 3]"
12n_0882,"[9, 5, 0, 8, 10, 2, 11, 3, 4, 1, 6, 7]"
12n_0883,"[4, 5, 0, 7, 9, 10, 11, 3, 2, 1, 6, 8]"
12n_0884,"[4, 5, 0, 7, 9, 11, 10, 3, 2, 1, 6, 8]"
12n_0886,"[8, 10, 9, 0, 1, 2, 11, 4, 3, 5, 7, 6]"
12n_0888,"[5, 9, 10, 8, 0, 1, 11, 3, 4, 2, 6, 7]"
